"1","71","2024-10-10 16:32:07.897611","524.57","Cancelled",""
"2","4","2024-10-30 03:29:52.490509","141.38","Completed",""
"3","26","2024-11-13 07:34:00.931933","541.08","Cancelled",""
"4","40","2024-02-13 07:12:47.300684","188.99","Completed",""
"5","95","2024-04-03 12:50:11.674562","208.77","Cancelled",""
"6","41","2024-04-18 05:20:47.475523","18.06","Completed",""
"7","61","2024-10-30 06:09:07.486198","165.54","Cancelled",""
"8","26","2024-02-17 18:55:58.633182","966.96","Cancelled",""
"9","27","2024-04-19 18:41:17.428864","79.04","Completed","RRU-55"
"10","15","2024-09-17 05:39:20.828140","638.33","Cancelled","MTH-77"
"11","87","2024-01-20 06:24:29.156273","54.53","Cancelled","IMD-68"
"12","84","2024-06-20 05:31:22.089133","658.63","Completed",""
"13","47","2024-02-04 10:58:38.807024","722.44","Completed",""
"14","53","2024-01-11 05:00:47.927096","116.7","Completed",""
"15","74","2024-10-03 02:15:26.001730","831.73","Completed",""
"16","75","2024-08-16 17:10:24.109243","613.41","Completed",""
"17","13","2024-11-08 03:58:09.383518","175.25","Cancelled",""
"18","59","2024-04-05 01:31:26.867106","615.29","Cancelled",""
"19","35","2024-10-31 01:05:56.009012","879.62","Cancelled",""
"20","93","2024-02-08 12:49:36.093187","748.99","Cancelled",""
"21","70","2024-02-28 20:54:09.039936","544.3","Cancelled",""
"22","9","2024-05-12 20:45:15.455724","617.23","Cancelled",""
"23","23","2024-04-29 03:29:58.093014","340.97","Completed",""
"24","17","2024-09-13 09:42:54.470019","132.06","Cancelled","HEJ-99"
"25","30","2024-02-09 22:35:21.762901","127.44","Cancelled",""
"26","64","2024-07-03 17:34:05.719212","52.07","Completed",""
"27","92","2024-10-20 06:26:20.007654","732.93","Cancelled",""
"28","27","2024-03-08 20:43:55.801916","816.15","Completed",""
"29","82","2024-07-13 11:21:16.406838","640.39","Completed","RQQ-62"
"30","79","2024-05-08 01:46:34.530699","604.11","Completed",""
"31","8","2024-03-06 20:14:19.603254","251.33","Completed",""
"32","85","2024-11-15 13:37:41.144388","166.0","Completed","UMC-29"
"33","57","2024-03-21 22:59:11.021319","247.85","Completed",""
"34","23","2024-02-28 00:24:16.265766","328.52","Cancelled",""
"35","20","2024-11-01 01:16:26.316409","228.93","Completed","HBB-54"
"36","77","2024-05-20 22:08:35.119316","242.51","Completed",""
"37","27","2024-09-05 01:14:45.716141","618.38","Cancelled",""
"38","59","2024-06-04 05:27:59.494539","67.7","Cancelled",""
"39","29","2024-07-08 20:01:53.689231","437.54","Completed","SJG-64"
"40","74","2024-05-24 15:41:00.202033","762.48","Completed",""
"41","38","2024-10-15 11:06:19.430065","891.36","Completed",""
"42","60","2024-05-22 04:50:48.402651","547.37","Completed",""
"43","41","2024-08-28 15:43:25.508421","531.64","Completed",""
"44","82","2024-02-28 03:05:18.200565","419.9","Cancelled",""
"45","72","2024-10-07 01:20:01.084976","885.96","Completed",""
"46","21","2024-06-12 20:32:46.510023","905.54","Cancelled",""
"47","18","2024-04-27 14:37:10.267249","249.67","Cancelled",""
"48","14","2024-05-22 08:56:23.926666","20.61","Completed","DAT-23"
"49","85","2024-06-18 09:56:33.259671","356.15","Completed",""
"50","88","2024-04-23 17:17:19.154187","963.0","Completed",""
"51","76","2024-08-20 10:41:32.972237","326.46","Cancelled",""
"52","20","2024-03-23 08:12:47.362753","660.11","Cancelled",""
"53","90","2024-03-09 22:08:20.734743","639.61","Cancelled",""
"54","89","2024-11-21 04:20:00.397515","647.23","Cancelled",""
"55","76","2024-01-24 22:58:44.318876","487.38","Cancelled",""
"56","78","2024-04-11 06:43:03.061982","271.66","Completed",""
"57","67","2024-05-10 22:07:41.222237","677.8","Completed",""
"58","91","2024-03-12 22:04:30.035614","83.2","Cancelled",""
"59","61","2024-07-13 06:44:45.742715","873.43","Completed","UBH-79"
"60","82","2024-07-04 08:12:40.393028","491.31","Completed",""
"61","22","2024-03-25 07:57:09.324216","106.12","Cancelled",""
"62","53","2024-10-10 08:00:19.642025","570.59","Completed",""
"63","58","2024-03-05 10:31:31.837018","409.33","Completed",""
"64","6","2024-08-18 17:24:04.095705","876.34","Completed",""
"65","87","2024-04-11 06:21:25.722849","346.73","Cancelled",""
"66","44","2024-02-09 08:18:27.342610","283.55","Cancelled",""
"67","0","2024-06-25 18:44:37.696832","390.38","Completed",""
"68","34","2024-01-04 00:42:16.728343","995.03","Cancelled",""
"69","51","2024-03-27 08:33:22.576038","597.57","Completed","SXZ-54"
"70","55","2024-01-04 20:02:42.523344","84.85","Cancelled",""
"71","14","2024-03-11 03:31:48.155497","741.82","Cancelled",""
"72","22","2024-09-04 14:51:22.339784","473.67","Cancelled",""
"73","96","2024-10-19 04:14:42.469458","990.27","Completed","FVL-94"
"74","44","2024-10-13 21:32:17.469756","260.17","Cancelled",""
"75","36","2024-04-09 09:49:45.552928","356.39","Cancelled",""
"76","81","2024-02-20 21:02:04.034615","355.69","Completed",""
"77","98","2024-10-15 00:30:12.983655","118.04","Completed",""
"78","47","2024-08-05 00:29:03.723954","932.06","Cancelled",""
"79","9","2024-09-16 14:28:21.450840","27.05","Cancelled",""
"80","44","2024-10-01 14:45:18.421849","742.63","Completed",""
"81","86","2024-03-21 11:39:02.021802","248.24","Cancelled",""
"82","4","2024-10-20 04:55:40.374430","746.52","Completed",""
"83","88","2024-03-26 21:37:28.958369","206.03","Completed",""
"84","65","2024-05-04 20:29:53.195232","547.69","Cancelled",""
"85","4","2024-05-28 21:31:55.529106","322.51","Completed",""
"86","27","2024-06-02 23:17:22.969573","713.81","Completed",""
"87","31","2024-06-29 02:03:18.658000","254.11","Completed",""
"88","88","2024-03-03 12:37:05.090669","292.31","Cancelled",""
"89","94","2024-10-20 22:05:57.431146","663.48","Completed","XXK-12"
"90","55","2024-03-01 21:34:00.830568","753.07","Completed",""
"91","30","2024-06-23 07:50:46.577574","55.77","Completed",""
"92","34","2024-10-12 18:50:14.338128","298.27","Completed","OLU-51"
"93","19","2024-04-18 10:10:44.368531","148.65","Completed",""
"94","4","2024-11-11 11:44:40.732445","645.1","Completed",""
"95","35","2024-09-16 16:07:32.013492","541.45","Completed",""
"96","58","2024-05-29 22:23:28.406806","323.83","Completed",""
"97","9","2024-10-03 09:47:29.719537","370.62","Completed",""
"98","13","2024-10-11 17:13:51.583426","848.58","Cancelled","BUD-65"
"99","2","2024-03-21 22:56:21.687313","476.62","Completed",""
"100","32","2024-11-24 21:24:27.390923","706.77","Completed",""
"101","85","2024-06-24 11:26:19.384284","709.88","Completed",""
"102","97","2024-05-31 07:15:09.656003","955.87","Completed",""
"103","21","2024-09-07 02:46:30.503522","573.06","Completed",""
"104","54","2024-04-20 10:10:53.578864","726.21","Completed",""
"105","56","2024-03-06 01:25:07.703047","724.69","Completed",""
"106","18","2024-04-29 20:12:00.280010","721.54","Completed","GDV-60"
"107","21","2024-04-21 09:19:25.594148","788.07","Completed","HVE-71"
"108","95","2024-10-08 15:26:09.104661","647.21","Completed",""
"109","23","2024-01-21 20:00:22.897460","474.33","Completed",""
"110","4","2024-09-04 00:52:41.999864","399.55","Cancelled",""
"111","74","2024-11-18 09:41:20.858710","253.1","Cancelled",""
"112","16","2024-03-06 00:35:55.272027","728.94","Cancelled",""
"113","95","2024-09-26 21:10:40.166227","366.33","Cancelled",""
"114","0","2024-07-01 23:45:17.437546","956.39","Cancelled","YDN-90"
"115","30","2024-01-12 08:58:37.372332","412.13","Cancelled","NUI-75"
"116","64","2024-05-11 13:46:47.267264","790.64","Completed",""
"117","62","2024-04-29 04:37:59.123671","482.39","Cancelled",""
"118","83","2024-01-26 21:53:16.997750","447.75","Completed",""
"119","96","2024-08-11 18:09:51.172392","209.18","Cancelled","FGL-93"
"120","76","2024-11-22 06:37:32.224062","90.75","Cancelled",""
"121","15","2024-04-07 19:23:31.690251","563.68","Cancelled",""
"122","78","2024-01-04 11:13:17.590685","301.26","Completed",""
"123","32","2024-05-18 00:14:43.690901","956.56","Completed",""
"124","27","2024-06-13 22:14:24.484586","827.8","Cancelled",""
"125","99","2024-06-23 16:58:10.365031","466.21","Cancelled",""
"126","48","2024-09-06 12:42:47.721059","583.87","Completed",""
"127","7","2024-08-30 23:25:58.725740","273.19","Cancelled",""
"128","15","2024-07-15 22:24:27.461975","694.44","Cancelled",""
"129","93","2024-01-29 18:51:20.355062","445.9","Cancelled",""
"130","4","2024-10-18 14:30:16.306011","552.51","Completed",""
"131","67","2024-04-26 09:41:53.264092","944.31","Cancelled",""
"132","69","2024-09-03 03:45:32.503170","797.89","Cancelled",""
"133","78","2024-06-03 03:32:34.155773","282.31","Cancelled",""
"134","88","2024-01-06 16:17:27.003858","972.29","Cancelled",""
"135","18","2024-05-28 01:10:52.120876","246.58","Completed",""
"136","8","2024-09-27 06:10:33.441117","695.28","Completed",""
"137","69","2024-07-02 13:47:11.582978","979.71","Cancelled",""
"138","6","2024-07-19 23:29:45.716741","950.29","Cancelled",""
"139","99","2024-02-14 06:21:37.992119","244.06","Cancelled",""
"140","33","2024-06-24 21:21:59.187043","758.17","Completed",""
"141","28","2024-06-11 23:52:36.749928","109.5","Cancelled",""
"142","12","2024-04-09 11:48:29.705616","193.77","Completed",""
"143","89","2024-02-16 10:08:39.785025","440.94","Cancelled",""
"144","44","2024-03-29 07:42:00.582369","791.4","Completed",""
"145","53","2024-07-28 09:31:56.990817","229.26","Completed","QXR-42"
"146","91","2024-01-13 11:12:50.589245","762.04","Completed","FWL-11"
"147","84","2024-03-30 18:09:24.994274","884.24","Completed",""
"148","79","2024-10-25 04:53:29.962138","913.01","Completed",""
"149","14","2024-05-07 15:20:03.757942","322.23","Cancelled",""
"150","53","2024-04-27 09:14:29.868184","667.98","Cancelled",""
"151","73","2024-11-27 18:34:25.034482","840.92","Completed",""
"152","53","2024-11-11 11:53:07.042842","645.42","Completed","BHH-19"
"153","68","2024-04-18 04:10:23.039343","929.74","Cancelled",""
"154","99","2024-02-25 18:39:44.992087","258.35","Completed","FZB-05"
"155","86","2024-04-10 22:02:55.120220","480.45","Cancelled",""
"156","40","2024-02-07 06:39:05.745446","338.34","Cancelled",""
"157","24","2024-03-12 02:54:23.442374","61.76","Cancelled",""
"158","7","2024-04-16 16:43:24.290133","46.2","Completed","NAJ-51"
"159","34","2024-07-08 20:55:42.934267","496.82","Completed",""
"160","62","2024-06-06 06:15:28.711253","913.09","Completed",""
"161","44","2024-06-05 01:01:22.375140","269.71","Completed","TEF-47"
"162","41","2024-01-14 05:48:33.198093","918.49","Cancelled","PIA-53"
"163","24","2024-08-03 23:39:44.705663","870.71","Completed","XPQ-15"
"164","80","2024-06-10 07:48:20.282637","888.89","Cancelled",""
"165","96","2024-04-05 15:18:25.482343","533.66","Completed",""
"166","51","2024-11-24 22:17:26.151817","702.73","Cancelled",""
"167","77","2024-10-15 09:41:27.030149","28.04","Completed",""
"168","6","2024-01-24 04:04:31.914335","574.06","Cancelled",""
"169","88","2024-09-11 12:30:54.251772","931.97","Cancelled",""
"170","22","2024-02-03 19:53:06.614964","321.17","Cancelled",""
"171","89","2024-01-27 04:24:19.423350","677.85","Completed",""
"172","46","2024-02-21 15:16:37.667341","781.96","Cancelled",""
"173","88","2024-04-27 15:13:57.189364","236.73","Completed",""
"174","76","2024-06-25 18:14:26.924336","838.05","Completed",""
"175","78","2024-02-09 01:42:39.741852","623.3","Cancelled",""
"176","12","2024-03-09 19:13:18.484882","10.68","Cancelled",""
"177","70","2024-08-18 00:47:34.299455","295.46","Completed","NXZ-93"
"178","0","2024-09-05 09:49:25.411013","737.69","Completed","PVB-89"
"179","44","2024-10-01 04:58:37.880346","176.09","Cancelled",""
"180","97","2024-04-08 09:53:03.162271","133.3","Cancelled","XSX-17"
"181","9","2024-10-26 20:39:17.125144","734.65","Completed","WNU-85"
"182","95","2024-06-12 20:04:02.529691","879.82","Completed",""
"183","65","2024-02-20 05:16:17.155410","691.7","Cancelled","MYT-18"
"184","61","2024-05-03 03:16:34.299845","68.11","Cancelled",""
"185","1","2024-01-24 20:21:58.156656","364.22","Cancelled",""
"186","35","2024-05-01 16:27:02.692128","927.41","Completed",""
"187","46","2024-04-01 05:45:58.649140","382.42","Completed","RDV-02"
"188","85","2024-03-10 12:23:48.111078","842.48","Completed",""
"189","17","2024-05-19 02:59:47.643002","743.29","Cancelled",""
"190","23","2024-05-15 07:30:41.567569","658.29","Cancelled",""
"191","14","2024-04-07 03:19:35.773542","613.58","Completed",""
"192","6","2024-06-08 17:31:19.941789","972.16","Completed",""
"193","56","2024-10-17 16:29:15.844265","691.86","Cancelled","XHI-14"
"194","73","2024-03-21 05:29:09.484976","722.27","Completed",""
"195","70","2024-05-15 15:36:37.216197","387.51","Cancelled",""
"196","94","2024-04-08 09:26:30.870579","344.06","Completed",""
"197","87","2024-05-22 05:55:44.576934","201.3","Completed",""
"198","97","2024-04-05 02:56:33.797328","808.19","Completed",""
"199","80","2024-02-05 01:44:17.410550","871.23","Cancelled",""
"200","73","2024-10-03 20:22:29.524931","200.23","Completed",""
"201","49","2024-09-02 03:16:48.376707","516.11","Cancelled",""
"202","99","2024-06-30 02:13:16.445752","474.51","Cancelled","CSZ-90"
"203","22","2024-09-10 11:21:31.039297","959.7","Completed",""
"204","6","2024-02-18 02:57:27.114497","272.8","Completed",""
"205","17","2024-10-31 06:41:26.158814","688.76","Completed",""
"206","6","2024-09-21 20:22:36.281048","619.61","Completed",""
"207","41","2024-07-08 18:29:31.075708","367.71","Completed",""
"208","78","2024-02-02 09:19:56.047051","685.99","Cancelled","GOK-56"
"209","33","2024-06-03 15:56:35.940472","349.3","Cancelled","VGI-47"
"210","81","2024-10-09 00:25:18.002065","650.44","Cancelled","KDP-83"
"211","80","2024-02-15 21:02:59.824556","488.06","Completed",""
"212","25","2024-04-08 20:24:41.964347","715.21","Cancelled",""
"213","56","2024-08-03 21:16:14.075337","842.07","Completed",""
"214","42","2024-02-28 02:33:15.397928","16.65","Completed",""
"215","92","2024-08-18 05:28:35.356878","118.29","Cancelled",""
"216","26","2024-07-29 21:44:06.028601","916.47","Cancelled",""
"217","32","2024-02-10 07:52:35.144544","301.25","Cancelled",""
"218","76","2024-08-12 05:26:20.625430","601.73","Cancelled",""
"219","0","2024-09-20 06:09:21.129613","806.67","Completed",""
"220","34","2024-11-12 16:22:08.043301","770.26","Completed",""
"221","3","2024-07-06 09:43:32.376226","423.39","Cancelled",""
"222","44","2024-02-11 23:52:51.091158","450.79","Cancelled","ZSY-73"
"223","55","2024-07-18 11:25:54.146855","549.04","Completed","UUP-21"
"224","92","2024-09-02 07:22:48.668571","55.38","Cancelled",""
"225","50","2024-01-15 18:02:50.932826","405.61","Cancelled",""
"226","12","2024-04-27 22:49:16.653815","695.12","Completed","CRG-95"
"227","56","2024-11-29 22:45:25.578960","34.28","Cancelled",""
"228","41","2024-10-08 12:30:09.686604","272.47","Completed",""
"229","98","2024-02-14 06:13:17.459646","707.95","Cancelled",""
"230","62","2024-09-07 04:11:50.544718","701.64","Cancelled",""
"231","44","2024-06-23 03:00:13.955569","697.0","Completed",""
"232","94","2024-05-12 06:04:51.864469","631.03","Completed","NSH-02"
"233","54","2024-08-07 01:46:01.687373","177.63","Cancelled",""
"234","5","2024-10-17 20:02:33.761774","578.13","Completed",""
"235","35","2024-01-09 05:17:38.261695","241.14","Cancelled",""
"236","75","2024-06-07 22:04:59.487357","57.57","Completed",""
"237","50","2024-04-21 19:28:37.185126","225.55","Cancelled",""
"238","45","2024-11-16 18:28:07.517678","827.95","Cancelled",""
"239","62","2024-09-10 07:17:14.348269","513.39","Cancelled",""
"240","93","2024-02-05 14:01:58.943815","768.43","Cancelled",""
"241","28","2024-07-11 11:29:42.859956","728.03","Completed",""
"242","87","2024-03-13 14:09:52.813762","464.8","Completed",""
"243","97","2024-08-30 01:44:01.580775","783.66","Completed",""
"244","25","2024-01-14 14:21:52.075041","991.57","Cancelled",""
"245","43","2024-01-02 08:24:57.216036","494.43","Cancelled",""
"246","93","2024-07-03 23:20:14.903894","381.45","Completed",""
"247","37","2024-08-30 08:01:38.148879","975.64","Cancelled",""
"248","28","2024-11-22 04:07:54.762403","571.02","Completed",""
"249","32","2024-08-11 07:12:42.350370","538.98","Cancelled",""
"250","83","2024-05-12 19:04:10.100778","224.42","Cancelled",""
"251","62","2024-09-17 08:38:16.697872","660.7","Completed",""
"252","56","2024-04-02 22:31:59.529576","914.2","Cancelled",""
"253","20","2024-06-19 04:11:16.454178","378.06","Cancelled",""
"254","44","2024-06-14 17:51:18.156657","934.44","Completed",""
"255","62","2024-06-30 20:10:14.352446","553.19","Cancelled",""
"256","48","2024-04-27 17:40:49.866143","665.32","Cancelled",""
"257","44","2024-05-23 21:54:14.392782","71.62","Cancelled",""
"258","3","2024-10-28 11:18:13.721618","863.93","Cancelled",""
"259","68","2024-03-12 00:12:21.904343","702.59","Completed",""
"260","90","2024-03-21 22:59:07.244339","615.61","Cancelled",""
"261","52","2024-06-27 16:41:22.175829","52.3","Cancelled",""
"262","17","2024-07-14 07:30:09.611261","835.08","Cancelled",""
"263","88","2024-01-03 07:35:53.247228","491.21","Completed",""
"264","8","2024-06-06 08:35:35.116310","772.46","Completed",""
"265","58","2024-05-10 04:52:11.792569","588.81","Cancelled",""
"266","65","2024-10-02 07:59:09.767753","920.14","Completed","TNE-90"
"267","10","2024-01-30 22:21:38.283825","346.35","Cancelled","WTK-91"
"268","48","2024-03-16 21:49:16.973273","542.33","Cancelled","BOK-44"
"269","25","2024-03-01 20:21:35.403729","305.45","Cancelled",""
"270","71","2024-05-23 15:43:16.803735","161.01","Completed",""
"271","63","2024-02-24 04:13:56.513317","635.05","Completed","SPN-75"
"272","55","2024-01-02 14:14:19.043995","919.61","Completed",""
"273","62","2024-09-06 20:48:05.069827","797.47","Cancelled",""
"274","78","2024-10-14 03:29:44.369135","862.8","Cancelled",""
"275","13","2024-09-27 21:29:30.146577","664.69","Cancelled",""
"276","43","2024-06-22 15:21:08.047809","90.04","Completed",""
"277","34","2024-07-23 11:55:46.053606","245.99","Cancelled",""
"278","66","2024-03-14 02:55:41.626234","688.98","Completed","MPF-35"
"279","7","2024-08-01 05:00:30.899806","249.68","Completed",""
"280","39","2024-03-13 10:36:55.234006","592.79","Cancelled",""
"281","2","2024-04-05 19:05:49.871291","342.75","Cancelled",""
"282","77","2024-05-05 11:55:17.131975","879.12","Cancelled","ESN-98"
"283","78","2024-10-14 05:07:21.357420","529.59","Cancelled",""
"284","46","2024-07-08 23:27:05.611298","240.78","Completed",""
"285","96","2024-10-22 03:55:27.930182","546.05","Cancelled",""
"286","4","2024-02-17 18:07:20.759573","163.93","Completed",""
"287","74","2024-05-08 12:21:07.942558","651.31","Cancelled",""
"288","1","2024-01-13 03:15:36.585825","789.45","Cancelled",""
"289","4","2024-03-02 23:39:04.919443","609.69","Completed",""
"290","93","2024-10-17 23:40:05.675132","888.13","Completed","CGN-43"
"291","59","2024-10-20 19:39:23.263140","244.29","Cancelled","DBH-41"
"292","88","2024-11-09 12:48:04.534841","398.57","Completed",""
"293","9","2024-02-07 06:17:47.140830","960.08","Cancelled",""
"294","88","2024-02-14 13:53:33.526762","750.01","Cancelled","CNW-30"
"295","43","2024-10-13 15:27:13.183245","783.43","Cancelled",""
"296","53","2024-08-27 08:33:01.563252","672.5","Cancelled","ARG-58"
"297","3","2024-06-21 03:43:15.338951","236.66","Cancelled",""
"298","88","2024-02-28 07:37:44.439370","740.19","Completed",""
"299","43","2024-08-22 05:55:59.987864","297.24","Completed",""
"300","8","2024-11-11 11:48:10.144483","230.05","Completed",""
"301","10","2024-08-26 19:33:57.917908","519.34","Cancelled","JOX-21"
"302","65","2024-09-22 17:40:52.521809","372.62","Cancelled",""
"303","21","2024-04-01 06:36:16.748750","776.2","Completed",""
"304","55","2024-09-27 09:58:31.246795","202.71","Completed",""
"305","78","2024-06-04 18:34:53.877638","61.62","Cancelled",""
"306","1","2024-11-17 14:50:47.728395","24.47","Completed",""
"307","52","2024-10-17 00:58:16.619251","908.89","Completed",""
"308","89","2024-01-02 15:42:31.205220","780.94","Cancelled",""
"309","78","2024-11-19 02:51:19.374365","707.0","Cancelled",""
"310","50","2024-04-04 02:01:11.687392","907.13","Completed",""
"311","58","2024-10-30 21:29:42.858957","954.95","Cancelled","DMX-24"
"312","32","2024-11-06 17:39:54.230945","763.13","Cancelled",""
"313","69","2024-08-08 10:57:12.953037","859.82","Completed",""
"314","73","2024-04-27 21:21:59.865256","477.61","Completed",""
"315","28","2024-11-26 15:23:38.880718","265.28","Completed",""
"316","42","2024-08-31 10:15:23.383912","67.76","Cancelled","WVT-77"
"317","67","2024-06-18 15:26:00.030843","461.2","Completed",""
"318","34","2024-04-05 22:05:33.190515","160.84","Completed",""
"319","18","2024-03-30 22:04:18.648150","928.04","Completed",""
"320","47","2024-02-26 23:09:48.393686","466.74","Completed",""
"321","16","2024-11-16 22:47:12.997405","808.06","Completed",""
"322","7","2024-10-25 02:42:46.138514","983.91","Completed","MWH-74"
"323","68","2024-10-25 19:53:11.484982","468.04","Completed","KHJ-26"
"324","59","2024-01-03 07:52:17.273381","93.07","Completed",""
"325","72","2024-07-22 19:32:04.918815","98.99","Completed",""
"326","74","2024-06-11 18:07:00.843866","417.44","Cancelled","KEZ-71"
"327","24","2024-10-09 03:29:45.032928","917.54","Completed",""
"328","13","2024-07-04 09:54:23.674558","830.26","Cancelled",""
"329","83","2024-03-02 10:41:02.394418","942.21","Completed",""
"330","64","2024-01-05 00:30:44.024764","88.41","Cancelled","EPM-01"
"331","91","2024-04-14 07:26:00.038304","121.85","Completed",""
"332","53","2024-05-11 11:13:50.210994","260.81","Cancelled",""
"333","0","2024-08-07 11:03:22.525042","122.5","Completed",""
"334","86","2024-07-24 08:12:42.020887","731.03","Cancelled",""
"335","76","2024-03-02 21:58:25.907635","544.53","Completed",""
"336","12","2024-01-05 01:34:04.244305","577.33","Completed",""
"337","65","2024-11-02 22:25:07.492036","661.77","Completed",""
"338","64","2024-02-10 14:34:27.264536","717.8","Completed",""
"339","74","2024-04-07 06:56:48.908975","23.78","Cancelled",""
"340","32","2024-01-06 12:11:48.710111","961.83","Completed",""
"341","100","2024-03-01 06:46:31.968287","375.89","Completed",""
"342","40","2024-01-18 08:16:28.392136","402.17","Cancelled",""
"343","60","2024-10-08 23:35:45.372085","357.14","Completed","MKB-35"
"344","58","2024-10-24 01:47:58.364872","532.97","Cancelled",""
"345","38","2024-04-25 23:32:52.157927","376.94","Completed",""
"346","99","2024-09-24 18:47:40.265634","84.95","Cancelled","AID-01"
"347","57","2024-04-13 05:18:27.928250","244.55","Cancelled",""
"348","30","2024-07-03 21:06:30.778741","340.81","Cancelled",""
"349","30","2024-05-24 18:55:26.530771","110.0","Cancelled","XHC-37"
"350","88","2024-03-14 07:43:35.793643","841.72","Cancelled",""
"351","88","2024-09-24 07:44:15.200552","375.74","Completed",""
"352","10","2024-09-29 19:29:22.468076","750.72","Completed","HLJ-35"
"353","9","2024-08-25 07:05:30.531610","666.19","Cancelled","DQP-33"
"354","72","2024-10-08 02:35:22.626772","229.2","Completed",""
"355","44","2024-07-12 23:14:29.580009","711.06","Completed",""
"356","100","2024-09-09 00:08:32.228204","27.49","Completed","KJC-55"
"357","75","2024-04-19 19:51:09.466825","891.4","Completed",""
"358","95","2024-01-03 11:15:34.644654","367.74","Cancelled",""
"359","16","2024-10-24 14:31:27.935058","917.67","Cancelled",""
"360","87","2024-08-27 16:51:01.439447","327.21","Cancelled","BVH-05"
"361","78","2024-11-28 17:07:35.701075","977.21","Cancelled",""
"362","12","2024-02-03 09:00:55.906569","281.45","Completed",""
"363","96","2024-02-19 03:07:42.372481","349.04","Completed",""
"364","56","2024-10-10 18:21:54.779880","961.91","Cancelled",""
"365","61","2024-06-13 21:00:03.284592","668.6","Completed",""
"366","33","2024-08-03 06:40:11.251455","39.88","Completed",""
"367","59","2024-02-08 21:53:36.778735","384.47","Completed",""
"368","32","2024-02-02 08:00:52.997410","290.74","Completed",""
"369","9","2024-11-04 14:54:43.323654","937.24","Completed",""
"370","84","2024-08-10 16:50:36.402525","338.96","Cancelled",""
"371","66","2024-10-22 03:01:53.432351","18.55","Cancelled",""
"372","4","2024-08-17 13:07:48.083320","902.35","Completed",""
"373","40","2024-11-15 01:51:24.606183","366.19","Completed",""
"374","0","2024-01-14 15:51:33.489879","431.54","Completed",""
"375","62","2024-10-22 15:17:41.900186","26.81","Completed",""
"376","67","2024-04-07 02:34:37.879651","315.56","Completed","NRO-81"
"377","100","2024-10-04 10:25:52.191195","722.4","Cancelled","EGT-79"
"378","43","2024-05-09 21:33:45.161852","34.31","Cancelled",""
"379","11","2024-03-18 21:30:30.094979","481.84","Completed",""
"380","3","2024-05-01 16:04:30.894538","205.27","Cancelled",""
"381","33","2024-11-23 14:02:25.535453","599.18","Completed",""
"382","25","2024-05-07 14:37:11.679385","38.37","Cancelled",""
"383","60","2024-11-22 08:17:07.870823","598.73","Cancelled","WGI-77"
"384","76","2024-09-08 16:00:17.002431","971.0","Completed",""
"385","98","2024-08-30 13:09:50.898861","244.51","Cancelled",""
"386","79","2024-11-09 16:07:58.933493","824.55","Completed",""
"387","63","2024-03-08 21:49:36.846454","696.91","Cancelled",""
"388","94","2024-05-10 10:25:44.156284","234.81","Cancelled",""
"389","51","2024-05-26 12:50:48.896961","817.12","Cancelled",""
"390","59","2024-03-26 04:51:33.962374","243.58","Cancelled",""
"391","43","2024-02-13 21:28:56.923966","12.2","Cancelled",""
"392","84","2024-09-05 07:27:35.493695","300.25","Cancelled",""
"393","3","2024-08-05 14:03:24.285430","988.39","Completed",""
"394","33","2024-01-19 00:52:37.043705","511.01","Cancelled",""
"395","73","2024-09-03 10:45:38.029345","409.12","Completed",""
"396","79","2024-02-22 05:57:49.694768","976.52","Completed",""
"397","90","2024-02-26 12:18:16.136674","702.24","Cancelled",""
"398","84","2024-07-31 12:34:50.751888","265.78","Cancelled",""
"399","28","2024-05-05 21:46:37.007440","560.56","Cancelled","WFG-79"
"400","61","2024-11-24 23:22:01.552654","443.17","Cancelled",""
"401","100","2024-02-19 20:38:47.107742","714.96","Cancelled",""
"402","81","2024-10-01 20:57:45.708045","594.67","Cancelled",""
"403","14","2024-09-30 11:13:58.819092","149.33","Cancelled",""
"404","34","2024-09-25 20:00:06.251706","176.77","Completed",""
"405","60","2024-05-22 09:04:34.666960","475.93","Cancelled","FKO-25"
"406","96","2024-05-26 13:43:21.964175","74.83","Cancelled","HOZ-94"
"407","51","2024-02-01 01:28:16.500534","648.75","Cancelled",""
"408","48","2024-03-09 18:27:00.307756","607.33","Cancelled",""
"409","28","2024-10-24 15:56:55.674913","563.3","Completed",""
"410","91","2024-08-18 14:17:57.405110","422.96","Completed","VAU-82"
"411","76","2024-03-24 22:04:53.177914","484.59","Completed",""
"412","83","2024-03-06 15:03:30.248857","178.2","Completed",""
"413","85","2024-07-31 21:26:03.052120","95.25","Completed","WQF-72"
"414","42","2024-05-30 00:19:18.324186","898.69","Completed","BQS-03"
"415","67","2024-06-03 13:17:14.880460","516.94","Cancelled",""
"416","13","2024-06-26 04:24:37.455190","334.86","Cancelled",""
"417","30","2024-09-01 14:05:37.955682","428.89","Cancelled",""
"418","56","2024-09-02 09:54:02.216883","932.36","Completed",""
"419","80","2024-05-11 10:27:07.689140","96.35","Completed",""
"420","76","2024-10-18 20:29:37.446102","477.59","Cancelled",""
"421","35","2024-08-13 08:59:03.323121","920.29","Completed",""
"422","65","2024-08-09 22:59:13.502918","455.09","Cancelled",""
"423","93","2024-01-17 09:30:34.038294","297.59","Cancelled",""
"424","23","2024-11-10 21:34:23.364088","518.46","Completed",""
"425","27","2024-10-31 16:18:15.299409","201.92","Cancelled",""
"426","56","2024-08-29 23:36:52.201493","711.8","Cancelled",""
"427","42","2024-03-20 03:43:24.719155","900.38","Completed",""
"428","85","2024-11-13 19:00:35.305152","787.56","Completed","UNT-62"
"429","30","2024-01-27 07:51:13.387142","736.15","Cancelled","EKK-78"
"430","54","2024-06-24 10:29:39.937647","559.51","Cancelled",""
"431","12","2024-07-30 04:59:28.520141","474.59","Cancelled",""
"432","49","2024-03-18 01:23:10.011395","693.96","Completed",""
"433","5","2024-08-07 18:38:21.492368","75.17","Cancelled",""
"434","30","2024-07-23 04:51:42.895479","376.61","Cancelled",""
"435","30","2024-01-16 16:15:51.164469","75.78","Cancelled",""
"436","4","2024-01-21 18:13:55.778126","646.83","Completed",""
"437","86","2024-10-07 07:23:31.668530","131.65","Completed","FSW-15"
"438","52","2024-01-13 22:23:53.635623","199.05","Completed","YLU-46"
"439","45","2024-04-18 18:25:05.954544","763.5","Cancelled",""
"440","67","2024-07-31 10:21:37.201276","317.1","Cancelled",""
"441","61","2024-08-17 20:49:04.732140","761.65","Cancelled",""
"442","72","2024-07-11 21:39:56.272843","235.84","Completed",""
"443","70","2024-03-20 08:18:10.430559","469.56","Completed","HTM-82"
"444","2","2024-04-30 14:49:55.281228","390.47","Completed",""
"445","85","2024-08-23 12:22:24.362539","589.75","Cancelled",""
"446","58","2024-04-23 08:44:18.692938","452.83","Cancelled","COR-67"
"447","24","2024-01-13 04:45:31.095255","363.6","Completed",""
"448","91","2024-10-15 12:51:03.762224","843.85","Cancelled",""
"449","69","2024-10-15 14:46:13.128600","886.34","Completed",""
"450","28","2024-05-10 20:52:46.594118","836.05","Cancelled",""
"451","73","2024-11-02 03:50:31.985541","802.2","Cancelled","FOQ-55"
"452","39","2024-10-06 23:08:30.369180","829.3","Completed","JIY-56"
"453","85","2024-10-07 09:06:59.749877","28.64","Cancelled","WHY-89"
"454","69","2024-09-07 20:39:28.188950","630.31","Completed",""
"455","56","2024-11-29 15:29:47.306592","313.6","Cancelled",""
"456","98","2024-02-14 04:15:13.009832","858.33","Completed",""
"457","85","2024-08-02 07:22:05.308655","879.42","Completed",""
"458","50","2024-06-05 20:12:20.284211","468.74","Cancelled",""
"459","40","2024-07-26 07:09:24.243203","316.06","Cancelled","SFF-18"
"460","98","2024-04-07 23:48:54.183843","582.88","Completed",""
"461","79","2024-11-25 17:12:01.465022","451.32","Cancelled",""
"462","61","2024-07-07 18:00:20.306278","902.52","Cancelled","IQC-94"
"463","29","2024-02-19 18:24:21.639469","15.5","Cancelled",""
"464","64","2024-03-10 15:12:01.822443","500.14","Cancelled",""
"465","92","2024-11-16 19:59:25.842845","437.84","Completed",""
"466","43","2024-01-11 20:58:44.848542","182.27","Completed","GOQ-14"
"467","62","2024-10-14 04:13:55.959582","471.53","Completed",""
"468","53","2024-07-28 01:10:53.087261","269.09","Cancelled",""
"469","45","2024-01-28 21:55:27.974705","47.36","Completed",""
"470","92","2024-05-13 18:50:13.290647","432.38","Cancelled",""
"471","40","2024-11-17 14:50:47.965979","46.65","Completed","AMJ-34"
"472","56","2024-03-16 07:53:05.465680","536.57","Cancelled","PEN-12"
"473","73","2024-08-30 22:50:00.679360","523.59","Completed",""
"474","43","2024-08-03 10:21:57.422172","464.07","Cancelled","IDI-10"
"475","79","2024-08-03 17:36:21.896016","153.56","Completed",""
"476","67","2024-11-03 01:58:26.259362","743.22","Completed",""
"477","88","2024-05-16 04:03:39.096283","604.82","Cancelled","BVN-33"
"478","54","2024-02-01 11:39:32.810477","10.39","Completed",""
"479","94","2024-11-07 12:17:22.656000","394.23","Completed",""
"480","5","2024-02-10 14:52:36.199013","174.52","Completed",""
"481","40","2024-09-02 06:01:24.921575","443.39","Cancelled",""
"482","39","2024-09-26 16:33:57.120738","899.71","Cancelled",""
"483","57","2024-09-03 23:11:33.424747","734.52","Completed",""
"484","22","2024-02-08 04:50:23.384253","133.25","Completed",""
"485","39","2024-02-19 05:09:58.004721","316.69","Cancelled",""
"486","91","2024-06-14 16:15:35.035519","237.96","Cancelled",""
"487","49","2024-03-29 04:30:42.264321","873.2","Cancelled","QAY-49"
"488","33","2024-08-24 09:14:19.418201","242.81","Cancelled",""
"489","14","2024-03-03 16:22:17.194219","912.84","Cancelled","WYL-90"
"490","32","2024-05-10 19:44:35.237994","60.35","Cancelled",""
"491","57","2024-04-28 18:25:07.962066","974.49","Cancelled",""
"492","49","2024-09-18 13:19:06.110255","984.09","Completed","XWI-77"
"493","5","2024-02-25 20:16:20.236619","656.04","Cancelled","HTR-64"
"494","5","2024-10-19 18:42:23.627483","293.18","Cancelled","CFA-01"
"495","66","2024-06-17 13:39:02.260988","156.39","Cancelled",""
"496","17","2024-06-03 05:04:28.743827","548.28","Cancelled",""
"497","41","2024-05-08 03:40:53.638386","829.1","Completed",""
"498","34","2024-06-18 01:31:04.648400","362.15","Completed","KMI-68"
"499","20","2024-10-31 06:46:46.934225","641.34","Completed",""
"500","65","2024-10-27 05:57:46.885273","252.54","Completed",""
"501","93","2024-01-03 23:34:23.518973","168.62","Completed",""
"502","16","2024-01-05 14:59:36.159479","802.23","Cancelled",""
"503","73","2024-01-29 00:49:46.829796","323.71","Cancelled","LZV-68"
"504","5","2024-02-25 13:26:20.938731","943.62","Cancelled",""
"505","54","2024-08-08 07:35:03.004821","359.8","Cancelled",""
"506","85","2024-01-18 05:26:50.557554","17.69","Completed",""
"507","84","2024-11-30 06:38:29.796295","908.58","Completed","VFC-19"
"508","91","2024-08-09 06:27:08.608679","331.99","Cancelled",""
"509","58","2024-10-19 07:29:12.969137","636.65","Cancelled",""
"510","87","2024-10-31 20:55:14.266451","236.88","Completed","YBV-57"
"511","63","2024-09-21 22:46:03.476142","242.34","Completed","BYO-17"
"512","99","2024-07-24 00:10:34.004984","599.84","Cancelled",""
"513","45","2024-02-28 15:06:47.614820","549.52","Cancelled",""
"514","72","2024-03-28 10:11:55.327372","260.33","Cancelled",""
"515","9","2024-03-11 10:13:45.651078","349.61","Completed",""
"516","30","2024-11-21 20:50:10.937393","268.85","Completed","PCD-86"
"517","26","2024-02-15 10:18:46.513069","120.11","Completed",""
"518","79","2024-06-08 12:47:28.961808","906.43","Cancelled",""
"519","55","2024-02-21 03:22:05.093811","558.91","Cancelled",""
"520","54","2024-01-23 13:00:44.654016","661.12","Cancelled","AIO-53"
"521","41","2024-05-14 21:42:34.672773","358.72","Completed","CCL-22"
"522","82","2024-10-14 20:26:55.330833","106.07","Cancelled",""
"523","96","2024-08-12 14:47:00.706125","150.29","Completed",""
"524","90","2024-10-31 01:54:30.273438","866.88","Completed",""
"525","93","2024-09-03 11:40:51.163679","22.26","Cancelled",""
"526","65","2024-05-19 03:27:27.349463","612.27","Cancelled",""
"527","21","2024-07-03 08:48:35.554335","326.48","Completed","GZC-42"
"528","56","2024-10-30 08:40:50.212034","46.97","Completed",""
"529","39","2024-09-06 22:45:53.647847","845.96","Cancelled",""
"530","14","2024-05-05 21:21:58.641452","389.43","Completed","NYS-64"
"531","22","2024-04-18 01:46:49.024688","557.33","Completed",""
"532","21","2024-04-11 05:05:40.200787","723.12","Completed",""
"533","1","2024-05-05 15:53:20.633399","27.39","Cancelled",""
"534","85","2024-10-06 15:10:25.900813","368.38","Completed","LKX-81"
"535","19","2024-02-03 03:01:28.780868","705.35","Cancelled",""
"536","64","2024-07-12 18:29:23.729172","801.87","Cancelled",""
"537","53","2024-11-20 21:01:05.349421","246.23","Cancelled",""
"538","23","2024-05-16 01:40:51.236874","495.64","Completed",""
"539","58","2024-09-25 23:48:43.717685","347.9","Completed",""
"540","25","2024-11-06 01:20:04.479647","289.15","Completed",""
"541","6","2024-04-03 10:26:49.434313","461.09","Cancelled","WBT-99"
"542","81","2024-02-04 16:32:04.235941","638.78","Completed",""
"543","77","2024-10-25 14:16:04.130803","297.76","Cancelled","HZB-90"
"544","80","2024-07-09 03:02:06.014437","163.59","Cancelled",""
"545","46","2024-02-05 13:25:32.552548","364.37","Completed",""
"546","53","2024-01-22 06:24:21.622577","765.05","Completed",""
"547","22","2024-11-17 23:00:18.410831","577.37","Cancelled",""
"548","25","2024-05-23 05:25:55.744349","259.13","Completed","ZZS-69"
"549","0","2024-04-05 02:24:23.922654","201.29","Cancelled",""
"550","86","2024-04-30 10:40:48.283653","357.58","Completed",""
"551","84","2024-07-04 20:13:38.022667","981.55","Completed",""
"552","86","2024-06-13 23:32:32.890039","767.5","Completed",""
"553","82","2024-01-06 09:03:17.796632","384.96","Completed",""
"554","64","2024-03-09 10:16:33.412995","147.61","Completed",""
"555","92","2024-02-01 18:18:13.714843","312.23","Completed","GZD-39"
"556","71","2024-07-20 02:02:40.497880","858.89","Cancelled",""
"557","42","2024-10-31 18:58:16.098475","696.14","Completed",""
"558","57","2024-06-04 05:32:24.352260","576.09","Cancelled",""
"559","44","2024-09-08 15:23:07.406813","436.47","Completed","TPW-75"
"560","5","2024-07-14 23:47:23.436119","223.82","Cancelled",""
"561","61","2024-03-24 03:23:23.430013","797.61","Completed",""
"562","12","2024-03-20 16:38:45.850013","629.05","Completed",""
"563","7","2024-05-07 01:58:42.122515","468.16","Cancelled","UIN-73"
"564","14","2024-08-27 23:41:37.538216","957.48","Completed",""
"565","25","2024-08-02 03:35:40.066376","387.3","Completed",""
"566","67","2024-03-28 15:29:10.641442","898.51","Cancelled","RKX-85"
"567","56","2024-07-05 16:08:58.616276","160.45","Cancelled",""
"568","80","2024-07-19 08:51:27.246843","355.96","Completed",""
"569","37","2024-04-09 13:04:50.761737","490.7","Completed","EWD-60"
"570","73","2024-06-13 00:15:37.405206","139.02","Cancelled",""
"571","11","2024-01-31 09:27:19.785521","508.27","Cancelled",""
"572","52","2024-05-10 05:00:34.834666","870.53","Completed",""
"573","76","2024-08-29 23:36:37.660585","454.36","Cancelled",""
"574","50","2024-05-30 16:58:09.266242","512.96","Completed",""
"575","52","2024-04-11 19:55:05.091625","865.35","Completed",""
"576","51","2024-08-02 19:15:17.541615","851.69","Completed",""
"577","63","2024-01-19 15:19:43.576381","881.85","Cancelled",""
"578","57","2024-04-11 11:58:49.319014","86.66","Completed","OEC-69"
"579","27","2024-09-13 23:27:21.665070","637.83","Cancelled",""
"580","59","2024-01-02 06:42:53.463978","862.71","Cancelled",""
"581","8","2024-03-20 08:51:16.282829","79.19","Cancelled","MRA-74"
"582","47","2024-10-13 10:24:17.402367","970.51","Cancelled",""
"583","62","2024-04-13 05:08:43.652975","864.01","Completed",""
"584","52","2024-04-07 06:31:16.035703","50.63","Cancelled",""
"585","29","2024-05-07 13:54:49.081029","367.29","Cancelled","BHY-94"
"586","59","2024-01-06 20:32:42.110191","856.92","Cancelled","SKG-31"
"587","76","2024-01-03 15:04:23.526255","777.85","Completed",""
"588","87","2024-11-06 14:10:56.782988","955.54","Completed",""
"589","30","2024-11-03 08:33:21.299736","579.31","Completed","GJY-40"
"590","52","2024-03-14 20:16:54.377818","147.19","Completed",""
"591","70","2024-05-30 13:20:47.663437","910.41","Completed",""
"592","78","2024-11-13 18:18:29.560206","415.91","Cancelled",""
"593","12","2024-02-20 16:03:05.901002","778.83","Cancelled","IFV-45"
"594","12","2024-02-02 04:46:44.579978","927.86","Completed",""
"595","40","2024-07-21 15:40:04.480871","52.37","Completed",""
"596","84","2024-01-16 08:40:53.915040","895.29","Cancelled",""
"597","97","2024-03-29 17:57:07.494824","778.69","Cancelled","DGR-91"
"598","55","2024-02-07 03:58:10.438857","616.15","Completed",""
"599","17","2024-06-20 07:59:05.161136","525.9","Cancelled",""
"600","54","2024-07-04 00:28:40.052160","840.24","Completed",""
"601","36","2024-02-28 13:06:31.986691","816.17","Cancelled",""
"602","23","2024-11-03 05:00:53.411210","656.73","Completed",""
"603","9","2024-07-13 02:18:17.180688","76.21","Completed",""
"604","38","2024-08-01 18:12:32.156105","472.6","Cancelled",""
"605","76","2024-10-08 12:08:36.084411","950.44","Cancelled",""
"606","0","2024-09-06 07:00:21.148606","323.02","Completed","OLB-41"
"607","70","2024-07-12 21:04:03.162017","335.26","Cancelled",""
"608","44","2024-10-04 09:34:32.238657","547.12","Cancelled",""
"609","25","2024-11-24 08:30:36.689482","890.96","Completed",""
"610","96","2024-05-30 09:56:32.496374","55.96","Completed",""
"611","67","2024-02-22 07:38:24.545165","740.64","Cancelled",""
"612","14","2024-06-18 11:22:53.158804","996.5","Cancelled",""
"613","81","2024-03-20 04:42:06.361214","937.19","Completed","ABS-91"
"614","97","2024-05-01 15:40:36.971040","805.65","Completed",""
"615","17","2024-10-22 11:18:03.434707","211.28","Cancelled",""
"616","75","2024-01-29 11:41:13.897315","126.26","Cancelled",""
"617","73","2024-04-05 02:02:17.538038","238.63","Cancelled",""
"618","10","2024-11-14 21:19:27.730306","542.8","Completed",""
"619","58","2024-05-06 06:41:49.670243","332.27","Cancelled","CPU-02"
"620","93","2024-08-19 16:55:04.540777","966.37","Cancelled",""
"621","80","2024-05-30 04:04:45.877914","658.07","Cancelled",""
"622","69","2024-04-02 19:22:19.990666","515.94","Completed","IAR-35"
"623","87","2024-01-19 11:32:27.322223","914.35","Cancelled",""
"624","18","2024-05-18 06:22:32.231192","813.07","Cancelled",""
"625","10","2024-08-04 16:41:19.246418","850.92","Cancelled",""
"626","33","2024-01-28 07:34:59.390569","410.12","Cancelled",""
"627","27","2024-10-15 20:40:27.584669","354.35","Completed",""
"628","58","2024-03-22 23:30:00.126773","691.48","Cancelled",""
"629","87","2024-08-26 21:44:50.566244","14.17","Cancelled","FFT-55"
"630","25","2024-09-23 01:56:02.871022","323.98","Cancelled",""
"631","16","2024-06-30 15:45:40.903964","797.93","Cancelled",""
"632","97","2024-07-27 12:23:15.234503","44.45","Completed","NYZ-45"
"633","71","2024-01-03 11:42:12.062373","608.68","Completed","WPI-47"
"634","95","2024-05-24 19:06:41.964228","567.25","Completed",""
"635","76","2024-03-16 06:05:22.193775","340.16","Cancelled","PQE-76"
"636","65","2024-08-11 18:45:52.491642","692.9","Cancelled",""
"637","45","2024-07-11 10:04:28.347908","128.67","Completed",""
"638","69","2024-09-04 01:22:53.603224","364.25","Cancelled",""
"639","93","2024-07-27 02:07:12.084065","214.08","Completed","WOI-74"
"640","46","2024-04-29 00:20:14.486409","528.51","Completed","EVP-83"
"641","56","2024-07-22 22:18:13.004977","436.95","Cancelled",""
"642","28","2024-06-27 05:46:49.099121","990.86","Completed","JNY-72"
"643","38","2024-04-28 11:14:47.141138","549.23","Cancelled","TZB-00"
"644","49","2024-03-19 13:08:26.240936","451.8","Cancelled",""
"645","32","2024-10-20 15:23:00.674666","496.1","Completed","YJS-49"
"646","41","2024-02-21 04:24:52.729466","908.91","Completed",""
"647","92","2024-03-21 09:55:04.642931","575.97","Cancelled",""
"648","75","2024-05-11 11:12:57.751031","989.21","Cancelled",""
"649","33","2024-11-28 04:40:58.115518","493.5","Cancelled",""
"650","26","2024-11-28 01:08:48.011477","762.44","Completed",""
"651","96","2024-05-02 13:50:25.569654","87.78","Cancelled",""
"652","37","2024-01-10 12:12:16.409382","144.93","Cancelled",""
"653","94","2024-07-12 21:30:54.077396","324.5","Completed",""
"654","36","2024-02-01 23:25:08.654258","551.81","Cancelled","ISZ-92"
"655","27","2024-10-02 04:51:40.689386","579.4","Completed",""
"656","9","2024-04-10 15:57:27.249297","879.3","Cancelled",""
"657","8","2024-03-24 20:47:21.785409","517.98","Completed",""
"658","20","2024-09-08 19:58:46.271671","309.74","Completed",""
"659","11","2024-07-20 08:24:36.372865","413.83","Completed",""
"660","37","2024-05-15 11:28:49.752748","471.49","Cancelled",""
"661","62","2024-05-11 14:20:02.138809","770.8","Cancelled",""
"662","67","2024-05-23 01:55:55.638601","182.61","Completed",""
"663","33","2024-01-17 06:29:11.915272","732.78","Cancelled","LKT-11"
"664","95","2024-05-21 20:09:00.628510","256.06","Cancelled",""
"665","59","2024-05-16 08:45:50.343081","870.15","Cancelled",""
"666","48","2024-01-13 19:14:52.884696","513.26","Completed","BZJ-47"
"667","90","2024-04-02 11:23:27.144933","766.46","Completed",""
"668","30","2024-02-22 18:09:26.063790","998.71","Cancelled",""
"669","3","2024-03-29 11:43:31.304072","196.81","Completed",""
"670","71","2024-10-27 15:56:53.320974","778.82","Completed","NPB-16"
"671","75","2024-03-04 10:28:08.995979","561.83","Completed",""
"672","95","2024-07-30 00:31:36.733663","287.98","Completed",""
"673","39","2024-09-04 18:29:02.116038","356.71","Completed",""
"674","23","2024-09-03 09:41:23.915174","82.91","Cancelled",""
"675","62","2024-02-18 07:10:45.646492","864.25","Completed",""
"676","39","2024-03-20 09:50:40.883860","315.9","Completed",""
"677","17","2024-06-10 12:17:48.806516","66.88","Completed",""
"678","40","2024-11-04 01:27:15.401086","774.76","Completed","WYJ-95"
"679","83","2024-01-24 01:42:37.315068","129.84","Cancelled",""
"680","29","2024-09-19 01:29:55.634438","316.62","Completed",""
"681","6","2024-11-04 14:40:58.124790","953.9","Completed",""
"682","18","2024-10-13 07:50:16.352106","162.2","Cancelled",""
"683","100","2024-04-02 19:10:43.485849","189.85","Cancelled",""
"684","100","2024-03-29 21:13:39.740623","416.2","Cancelled","YWT-03"
"685","54","2024-10-02 03:36:49.186786","397.71","Cancelled",""
"686","69","2024-02-21 20:45:44.618230","31.78","Completed",""
"687","81","2024-11-21 12:01:30.072661","35.3","Cancelled",""
"688","59","2024-10-29 01:31:05.183944","21.74","Completed",""
"689","77","2024-06-14 14:08:50.062852","640.79","Cancelled",""
"690","89","2024-01-12 20:40:58.039763","358.36","Cancelled",""
"691","62","2024-04-27 01:30:49.539708","32.68","Cancelled",""
"692","6","2024-04-07 10:49:50.874012","886.84","Completed",""
"693","79","2024-07-07 23:22:45.788475","897.35","Cancelled",""
"694","14","2024-11-23 05:07:44.835449","986.33","Completed","JUJ-75"
"695","89","2024-06-12 14:20:18.741640","950.82","Completed",""
"696","66","2024-03-12 16:14:05.457881","307.44","Completed",""
"697","60","2024-05-01 10:44:28.077522","496.04","Cancelled","AGH-46"
"698","42","2024-04-21 05:35:05.685769","538.33","Cancelled",""
"699","86","2024-08-06 20:13:31.212088","987.95","Completed","TJL-06"
"700","60","2024-06-06 11:19:46.200072","656.1","Cancelled","IXL-02"
"701","82","2024-11-07 07:24:05.319062","250.18","Cancelled",""
"702","4","2024-06-03 20:56:47.020446","410.87","Completed",""
"703","88","2024-09-29 22:57:55.798940","257.77","Cancelled",""
"704","73","2024-03-19 11:29:20.199011","196.99","Cancelled",""
"705","11","2024-11-03 14:35:00.187791","308.29","Completed",""
"706","63","2024-06-24 08:35:34.815897","600.43","Completed",""
"707","6","2024-11-01 23:13:16.844927","389.13","Cancelled",""
"708","80","2024-11-25 11:31:07.464113","278.34","Cancelled",""
"709","34","2024-05-15 23:48:24.425223","272.4","Cancelled","XSL-83"
"710","93","2024-02-25 07:29:41.575555","981.85","Completed","XFR-72"
"711","47","2024-02-06 09:20:57.574375","238.84","Cancelled",""
"712","19","2024-09-04 19:38:52.631772","120.78","Cancelled",""
"713","83","2024-10-02 04:48:05.372662","564.51","Completed",""
"714","38","2024-07-26 23:00:11.000370","38.71","Completed",""
"715","27","2024-01-17 23:06:51.336399","231.12","Cancelled",""
"716","78","2024-02-07 01:01:37.501240","985.36","Completed",""
"717","47","2024-05-06 22:28:54.821071","340.75","Completed","DUL-57"
"718","25","2024-09-12 17:55:44.235376","827.29","Completed",""
"719","24","2024-08-02 04:42:47.584250","89.32","Completed",""
"720","24","2024-01-19 11:33:48.000277","147.71","Cancelled",""
"721","43","2024-04-14 09:33:21.547269","378.03","Completed",""
"722","63","2024-01-24 14:35:19.802316","316.29","Cancelled",""
"723","47","2024-08-01 09:54:22.857352","725.91","Cancelled",""
"724","3","2024-03-10 01:36:32.052466","562.28","Cancelled",""
"725","32","2024-11-26 20:06:29.560410","750.1","Cancelled",""
"726","7","2024-08-11 14:43:27.379658","755.12","Completed",""
"727","24","2024-04-14 18:31:25.979964","137.59","Completed",""
"728","40","2024-08-09 14:03:38.613912","984.88","Cancelled",""
"729","25","2024-02-18 23:05:57.367548","183.21","Cancelled",""
"730","27","2024-09-13 06:56:41.093366","117.53","Cancelled",""
"731","78","2024-11-29 20:57:06.260190","783.09","Cancelled",""
"732","39","2024-10-24 19:58:51.896024","110.88","Cancelled",""
"733","82","2024-01-18 08:45:11.496582","55.56","Cancelled",""
"734","42","2024-06-10 22:18:12.263004","725.68","Completed","QEA-25"
"735","12","2024-09-25 14:05:06.274111","706.53","Cancelled","BNO-41"
"736","75","2024-04-04 06:24:34.213506","43.39","Completed","DKJ-69"
"737","3","2024-08-26 07:37:14.582411","448.32","Completed",""
"738","59","2024-09-09 00:31:38.535285","433.24","Completed",""
"739","75","2024-09-25 22:47:19.114000","794.75","Completed","AFH-11"
"740","24","2024-10-26 21:14:05.872999","88.23","Cancelled",""
"741","72","2024-05-19 04:39:05.693873","909.74","Completed",""
"742","57","2024-09-17 23:55:07.039999","793.09","Completed",""
"743","41","2024-06-03 15:04:44.887206","112.12","Cancelled",""
"744","84","2024-01-07 07:29:05.847582","748.54","Cancelled",""
"745","93","2024-02-11 00:35:36.428269","894.17","Completed",""
"746","24","2024-02-24 01:07:21.250765","460.32","Completed","CEV-41"
"747","20","2024-02-27 21:08:22.747033","186.58","Cancelled",""
"748","76","2024-09-24 02:43:20.097834","69.92","Completed",""
"749","76","2024-05-09 04:51:07.991839","961.79","Completed",""
"750","75","2024-01-16 04:27:58.312963","11.86","Completed",""
"751","12","2024-02-20 08:59:22.191889","686.03","Completed",""
"752","30","2024-10-17 08:49:09.924332","165.13","Cancelled",""
"753","0","2024-01-16 06:34:34.374530","814.85","Completed",""
"754","71","2024-06-17 07:48:38.815049","483.4","Completed",""
"755","5","2024-01-24 08:11:31.956881","379.29","Cancelled","KBH-25"
"756","37","2024-03-08 12:10:11.749243","601.14","Cancelled",""
"757","4","2024-07-21 16:04:16.045763","245.12","Completed",""
"758","87","2024-03-26 22:38:21.354262","638.86","Completed",""
"759","55","2024-04-22 10:13:37.357698","789.95","Cancelled",""
"760","80","2024-07-05 18:16:52.996086","947.91","Completed",""
"761","21","2024-05-11 03:22:23.032530","497.92","Cancelled",""
"762","94","2024-04-28 22:31:47.779265","275.42","Cancelled",""
"763","3","2024-02-14 19:46:25.810691","669.17","Cancelled","GPB-81"
"764","78","2024-06-23 20:02:19.068757","435.44","Completed","RIE-76"
"765","33","2024-10-22 10:45:40.971195","357.84","Completed",""
"766","41","2024-04-20 16:32:05.156496","101.61","Cancelled",""
"767","10","2024-08-02 12:13:08.229772","26.86","Cancelled",""
"768","6","2024-01-17 18:32:16.000852","244.24","Completed",""
"769","49","2024-11-23 12:02:12.224097","901.91","Cancelled",""
"770","72","2024-11-09 04:47:34.134775","321.44","Completed","ROV-72"
"771","69","2024-03-31 13:27:04.646512","742.74","Completed","UKV-31"
"772","42","2024-08-30 22:29:06.702959","182.08","Cancelled",""
"773","57","2024-09-06 03:28:45.593239","127.37","Completed",""
"774","9","2024-11-12 04:07:01.233717","824.14","Cancelled","LMC-33"
"775","26","2024-01-15 20:21:59.266968","483.03","Completed",""
"776","81","2024-02-13 18:45:32.308265","452.67","Cancelled",""
"777","35","2024-02-28 02:07:24.162728","901.19","Cancelled","BXB-33"
"778","99","2024-01-16 16:41:49.695915","218.2","Completed",""
"779","12","2024-06-16 10:24:21.200280","326.71","Completed",""
"780","90","2024-09-06 12:32:30.289242","190.85","Cancelled",""
"781","36","2024-02-11 03:12:35.779671","481.5","Cancelled",""
"782","76","2024-10-06 09:08:58.509897","25.57","Completed",""
"783","57","2024-08-28 01:35:23.213624","156.94","Completed",""
"784","10","2024-02-20 14:34:25.924644","426.11","Completed",""
"785","93","2024-04-12 23:24:24.983951","763.48","Completed","KPO-67"
"786","29","2024-07-24 05:55:13.813673","921.2","Cancelled",""
"787","54","2024-11-04 02:24:50.057708","770.54","Completed",""
"788","27","2024-05-26 11:38:23.021235","641.9","Cancelled",""
"789","72","2024-10-03 12:59:10.381514","470.58","Cancelled",""
"790","10","2024-05-02 15:42:39.050477","720.11","Completed",""
"791","32","2024-05-09 10:46:50.842173","279.74","Cancelled","KWA-73"
"792","45","2024-09-12 00:11:09.922563","75.78","Completed",""
"793","24","2024-05-17 15:59:00.161381","662.39","Cancelled",""
"794","76","2024-07-20 03:15:56.385098","802.08","Completed",""
"795","48","2024-09-15 22:33:28.843510","686.42","Cancelled",""
"796","84","2024-01-09 10:00:38.836741","340.6","Completed","CLJ-12"
"797","61","2024-08-11 09:02:44.832874","18.09","Completed",""
"798","93","2024-01-19 16:10:35.082583","580.45","Cancelled",""
"799","44","2024-07-23 07:12:16.915720","697.32","Completed",""
"800","40","2024-04-21 18:06:13.043473","979.61","Cancelled",""
"801","72","2024-08-22 18:58:49.154019","921.34","Completed",""
"802","99","2024-03-02 19:23:22.588583","636.06","Completed",""
"803","37","2024-07-25 09:52:28.394044","834.77","Completed",""
"804","81","2024-10-22 16:29:08.793265","479.69","Cancelled",""
"805","52","2024-06-02 11:49:34.065028","921.06","Completed",""
"806","91","2024-09-14 17:29:06.823805","966.15","Completed",""
"807","51","2024-06-23 05:51:31.503668","19.53","Cancelled",""
"808","19","2024-05-04 03:21:23.291217","366.85","Cancelled",""
"809","8","2024-10-25 00:24:09.041581","66.87","Completed",""
"810","60","2024-05-08 10:24:31.179893","267.27","Cancelled",""
"811","44","2024-03-18 19:27:29.823075","290.68","Completed",""
"812","23","2024-08-07 11:50:49.409002","350.58","Completed",""
"813","39","2024-01-23 17:25:48.355876","892.66","Cancelled",""
"814","81","2024-05-16 04:19:04.740359","698.71","Completed",""
"815","22","2024-10-11 00:26:44.275671","429.13","Completed",""
"816","71","2024-02-26 00:35:57.512823","64.31","Completed",""
"817","0","2024-10-01 08:56:19.086586","236.25","Completed",""
"818","92","2024-11-12 02:39:38.871501","212.01","Completed",""
"819","92","2024-06-10 22:54:19.262953","275.61","Cancelled",""
"820","75","2024-05-23 06:10:29.061119","782.13","Cancelled",""
"821","75","2024-07-25 08:44:04.214707","999.47","Completed",""
"822","51","2024-05-06 08:16:44.010560","214.63","Completed",""
"823","100","2024-09-04 17:50:06.654160","40.64","Cancelled","IUM-72"
"824","72","2024-05-01 22:57:37.543130","62.49","Cancelled",""
"825","75","2024-07-01 16:04:43.324480","989.1","Cancelled","ZET-60"
"826","47","2024-04-14 11:07:53.050933","286.04","Completed",""
"827","91","2024-06-25 09:28:58.932761","550.66","Completed",""
"828","55","2024-11-26 01:02:47.133313","352.51","Completed",""
"829","86","2024-10-24 07:11:47.816765","633.29","Cancelled",""
"830","91","2024-10-28 20:48:32.027749","300.13","Completed",""
"831","82","2024-02-21 23:44:15.243730","156.09","Completed","OBT-12"
"832","18","2024-04-11 12:55:40.139709","99.3","Completed","XCN-08"
"833","94","2024-08-30 23:39:03.315356","835.25","Completed",""
"834","53","2024-06-10 15:27:23.938183","413.18","Completed",""
"835","17","2024-05-19 17:05:27.038869","557.51","Completed",""
"836","33","2024-06-20 05:23:31.673524","602.64","Cancelled","MHW-62"
"837","37","2024-02-05 02:50:17.537508","827.58","Completed",""
"838","6","2024-11-17 19:14:46.319288","723.87","Completed",""
"839","7","2024-04-16 04:12:25.023397","783.33","Completed",""
"840","71","2024-04-18 17:20:26.354689","406.8","Cancelled","PYO-48"
"841","91","2024-10-16 17:29:03.011285","81.64","Cancelled",""
"842","20","2024-03-18 17:51:01.081036","244.85","Completed","EDD-54"
"843","29","2024-03-27 05:49:52.262210","496.13","Cancelled",""
"844","1","2024-10-18 00:03:21.299440","379.47","Cancelled",""
"845","78","2024-07-08 13:57:50.154590","297.02","Completed",""
"846","37","2024-09-11 18:25:00.104788","779.23","Completed","HOA-06"
"847","50","2024-03-21 16:28:43.222267","16.88","Completed",""
"848","54","2024-04-25 06:38:28.939770","174.27","Completed",""
"849","69","2024-07-15 16:19:14.356279","179.21","Completed",""
"850","15","2024-03-09 10:37:43.916573","949.6","Cancelled",""
"851","79","2024-11-20 10:44:26.606806","707.1","Cancelled",""
"852","86","2024-01-13 05:37:51.998948","144.52","Cancelled","XKJ-10"
"853","42","2024-05-29 23:38:49.134170","882.48","Completed",""
"854","13","2024-11-24 00:28:07.616336","508.18","Completed",""
"855","58","2024-07-29 12:39:48.624268","623.77","Cancelled",""
"856","42","2024-06-30 00:39:44.905421","965.04","Completed",""
"857","74","2024-08-03 11:49:25.420640","665.47","Completed",""
"858","58","2024-04-01 18:03:55.394319","241.82","Cancelled",""
"859","19","2024-03-11 07:17:25.089954","189.11","Cancelled",""
"860","66","2024-10-26 22:20:22.691051","817.26","Completed",""
"861","41","2024-09-08 10:49:00.556822","561.02","Completed",""
"862","74","2024-08-10 01:10:20.167433","822.16","Cancelled",""
"863","21","2024-01-23 17:27:25.842520","120.01","Cancelled",""
"864","75","2024-07-13 14:30:23.254001","867.76","Cancelled",""
"865","37","2024-10-26 14:26:40.164737","942.81","Cancelled","AAG-33"
"866","64","2024-03-07 20:50:59.963899","315.66","Completed",""
"867","12","2024-10-13 06:41:46.241654","407.82","Completed",""
"868","92","2024-09-16 04:38:21.119545","432.61","Completed",""
"869","46","2024-01-13 17:37:53.405351","195.42","Cancelled","OTY-19"
"870","34","2024-06-11 15:06:40.936605","587.26","Cancelled",""
"871","16","2024-07-18 22:38:46.427644","673.81","Completed",""
"872","30","2024-07-01 20:34:50.996273","318.7","Cancelled",""
"873","64","2024-04-29 21:34:14.051416","279.04","Cancelled",""
"874","5","2024-05-23 06:28:07.415935","553.86","Cancelled","CPZ-64"
"875","70","2024-11-28 08:22:43.276037","57.43","Completed",""
"876","76","2024-08-23 11:54:15.827325","277.93","Completed",""
"877","13","2024-02-07 01:09:30.327341","724.23","Cancelled",""
"878","0","2024-06-01 11:31:57.124136","587.3","Cancelled",""
"879","65","2024-10-17 11:50:20.409235","331.7","Completed",""
"880","81","2024-06-17 11:27:29.566920","937.81","Completed",""
"881","22","2024-06-13 15:33:04.183463","81.2","Completed",""
"882","42","2024-01-28 23:15:55.720072","493.65","Completed",""
"883","19","2024-04-17 07:54:14.254200","801.46","Cancelled",""
"884","34","2024-07-25 02:13:51.345057","600.89","Cancelled",""
"885","32","2024-02-17 23:47:33.356651","777.32","Completed","KUA-00"
"886","4","2024-07-31 13:45:20.067885","336.38","Cancelled","CMQ-60"
"887","64","2024-10-16 09:42:16.042326","651.53","Cancelled","GYR-79"
"888","74","2024-05-14 15:46:38.079432","602.6","Cancelled","ACF-79"
"889","87","2024-05-13 04:36:16.513177","378.03","Completed",""
"890","70","2024-11-20 15:19:59.247597","76.6","Completed",""
"891","22","2024-06-15 03:02:33.590714","594.3","Completed",""
"892","55","2024-07-23 19:41:12.253381","792.83","Completed",""
"893","10","2024-04-09 18:59:23.039478","593.79","Cancelled",""
"894","82","2024-03-16 21:43:43.451313","682.77","Cancelled",""
"895","73","2024-01-10 15:10:46.629736","302.32","Cancelled",""
"896","24","2024-05-22 07:53:51.872668","282.64","Completed",""
"897","10","2024-09-17 06:37:48.964907","661.09","Completed",""
"898","57","2024-05-27 14:54:46.678429","985.89","Cancelled",""
"899","35","2024-03-09 01:25:44.138273","207.74","Completed",""
"900","57","2024-02-05 02:29:14.171070","987.55","Cancelled",""
"901","93","2024-01-06 17:19:28.638475","485.37","Completed",""
"902","1","2024-09-29 23:05:29.976764","948.16","Cancelled",""
"903","33","2024-07-22 12:06:52.139002","768.13","Completed",""
"904","52","2024-07-08 21:45:27.081792","322.39","Cancelled",""
"905","79","2024-11-06 23:02:26.113250","856.01","Cancelled",""
"906","15","2024-07-31 07:10:49.864573","628.12","Completed",""
"907","97","2024-03-06 10:30:48.197365","124.61","Cancelled",""
"908","47","2024-10-17 11:27:08.915597","547.46","Completed",""
"909","57","2024-01-06 11:02:00.575509","189.01","Cancelled",""
"910","54","2024-10-26 17:17:34.343743","140.22","Completed","GRQ-49"
"911","19","2024-02-24 18:28:05.585866","270.94","Completed",""
"912","74","2024-08-12 00:23:19.872983","541.98","Cancelled",""
"913","45","2024-04-07 18:04:19.439362","795.16","Completed",""
"914","24","2024-11-21 18:24:51.392208","114.03","Cancelled",""
"915","84","2024-05-29 23:53:54.594947","180.45","Completed",""
"916","95","2024-11-05 10:44:28.796987","206.79","Cancelled",""
"917","68","2024-01-11 23:20:07.541166","521.03","Completed",""
"918","99","2024-05-18 15:02:35.456589","987.33","Cancelled",""
"919","97","2024-11-20 03:56:41.999349","789.15","Completed",""
"920","53","2024-06-12 00:05:48.859062","455.45","Cancelled",""
"921","87","2024-05-15 21:20:53.588922","908.02","Cancelled",""
"922","71","2024-05-31 15:46:09.558891","967.45","Completed",""
"923","89","2024-08-30 04:36:29.010638","913.47","Completed","TLD-36"
"924","84","2024-08-22 23:36:03.697918","895.91","Cancelled","GQV-37"
"925","0","2024-04-21 05:47:56.397979","194.27","Completed",""
"926","53","2024-04-03 00:44:28.327509","667.76","Cancelled",""
"927","94","2024-07-09 14:31:29.447402","311.83","Cancelled",""
"928","14","2024-07-20 06:03:21.064736","406.73","Completed",""
"929","92","2024-04-30 01:31:56.988410","785.9","Completed",""
"930","94","2024-08-02 13:10:07.849346","189.0","Cancelled",""
"931","9","2024-08-20 10:42:49.288067","879.15","Completed",""
"932","57","2024-11-21 04:45:47.022161","155.03","Cancelled",""
"933","22","2024-09-20 10:51:56.284834","417.61","Cancelled",""
"934","74","2024-10-17 01:01:24.567264","434.08","Completed",""
"935","54","2024-06-14 17:07:19.594501","947.95","Completed",""
"936","66","2024-02-27 11:57:08.417758","536.61","Cancelled",""
"937","60","2024-06-30 21:23:58.164633","478.58","Cancelled",""
"938","53","2024-07-21 06:50:40.131402","334.58","Cancelled",""
"939","18","2024-08-19 04:50:49.438057","582.28","Cancelled","CAH-37"
"940","94","2024-05-16 16:54:09.348516","443.12","Completed","ULX-74"
"941","91","2024-08-08 21:26:07.735995","742.63","Cancelled","SYE-57"
"942","8","2024-01-30 20:32:00.040982","478.7","Completed",""
"943","96","2024-09-10 16:31:45.391394","871.29","Cancelled",""
"944","72","2024-04-19 07:46:40.916308","281.87","Completed",""
"945","4","2024-07-20 00:01:15.251657","309.49","Cancelled","EBD-53"
"946","55","2024-11-07 02:28:38.594630","470.24","Completed",""
"947","15","2024-09-14 17:47:56.179982","999.61","Completed",""
"948","89","2024-02-23 03:40:13.336258","614.57","Cancelled",""
"949","16","2024-01-07 04:40:37.500553","452.16","Cancelled",""
"950","84","2024-10-13 20:40:34.350002","676.41","Cancelled","EDS-86"
"951","44","2024-02-14 21:06:10.276036","783.76","Cancelled",""
"952","27","2024-10-26 00:47:18.468678","434.45","Cancelled","SII-09"
"953","5","2024-01-22 14:45:31.287532","128.02","Completed","BUT-23"
"954","87","2024-03-18 23:10:57.851368","70.2","Cancelled","AKH-89"
"955","13","2024-06-21 08:08:44.294979","126.07","Cancelled",""
"956","54","2024-03-17 12:20:33.847374","363.36","Cancelled",""
"957","18","2024-05-21 09:23:40.635070","327.87","Cancelled",""
"958","96","2024-11-24 05:34:12.307575","698.81","Completed",""
"959","83","2024-04-01 22:12:51.039947","347.61","Completed",""
"960","39","2024-07-06 07:32:36.406877","157.0","Completed",""
"961","96","2024-08-10 10:39:25.880964","402.14","Completed",""
"962","84","2024-05-04 02:49:03.369276","331.34","Cancelled",""
"963","5","2024-03-13 05:46:02.122335","95.09","Completed",""
"964","13","2024-01-14 18:25:40.428010","130.94","Cancelled",""
"965","57","2024-01-09 22:02:03.092649","169.98","Completed",""
"966","82","2024-05-21 21:15:07.473090","429.86","Cancelled",""
"967","50","2024-11-21 02:13:35.186480","593.37","Completed","LJC-36"
"968","70","2024-01-05 00:03:27.862878","642.56","Completed",""
"969","77","2024-10-07 21:41:53.615045","224.7","Completed",""
"970","73","2024-08-07 01:03:16.587072","287.4","Cancelled",""
"971","10","2024-07-10 13:12:53.019282","202.8","Cancelled",""
"972","41","2024-04-27 11:59:38.491999","379.9","Completed",""
"973","41","2024-10-02 22:52:59.796996","596.63","Cancelled",""
"974","65","2024-08-16 06:38:19.441235","292.73","Completed",""
"975","84","2024-07-02 13:49:46.053850","121.94","Completed",""
"976","50","2024-08-13 12:03:03.974813","94.35","Completed","JML-71"
"977","68","2024-08-23 23:58:41.105232","58.96","Cancelled",""
"978","50","2024-10-03 21:40:55.824334","987.33","Cancelled",""
"979","47","2024-07-22 13:42:25.352830","926.76","Cancelled",""
"980","50","2024-06-08 10:34:38.202862","938.59","Cancelled","IUN-46"
"981","26","2024-04-16 11:44:57.524884","859.31","Completed","VUK-34"
"982","6","2024-10-07 21:09:48.883972","672.1","Cancelled",""
"983","98","2024-09-25 07:48:19.924047","669.85","Completed",""
"984","76","2024-06-19 08:41:00.623793","163.09","Cancelled",""
"985","40","2024-10-01 23:19:32.368594","553.95","Cancelled",""
"986","6","2024-09-29 16:54:49.546203","16.21","Cancelled",""
"987","41","2024-02-15 15:08:10.125511","292.69","Completed",""
"988","93","2024-10-08 00:13:39.899429","646.2","Cancelled",""
"989","97","2024-08-30 06:42:36.840657","219.43","Cancelled",""
"990","88","2024-01-10 13:46:37.074528","467.41","Cancelled","NJS-17"
"991","87","2024-01-23 20:55:00.765136","665.75","Completed",""
"992","18","2024-07-06 07:06:13.499705","425.87","Completed","UKL-06"
"993","15","2024-05-25 03:16:55.583433","751.1","Completed",""
"994","67","2024-04-16 00:50:35.421652","665.54","Completed",""
"995","38","2024-09-17 03:57:13.545671","296.77","Completed",""
"996","73","2024-11-18 09:30:24.121416","423.43","Cancelled",""
"997","92","2024-02-09 04:12:29.573013","403.17","Completed",""
"998","97","2024-06-10 04:32:52.966560","104.71","Completed",""
"999","34","2024-06-08 17:18:51.837281","792.36","Cancelled","SJP-17"
"1000","66","2024-11-15 09:39:57.315496","198.57","Cancelled",""
