"1","678","4","668.0"
"1","831","2","727.25"
"1","1637","1","634.23"
"1","1355","3","567.8"
"1","929","2","798.24"
"1","1322","2","762.43"
"1","295","1","64.35"
"1","780","4","627.83"
"1","1102","5","710.96"
"1","1430","2","29.3"
"1","973","5","307.6"
"1","1565","4","608.32"
"1","1117","2","517.45"
"1","391","1","820.58"
"1","993","5","801.91"
"1","1019","3","6.53"
"1","978","3","603.75"
"1","1069","2","577.57"
"1","44","2","599.58"
"1","1293","4","277.83"
"1","1713","1","60.27"
"1","1963","2","570.25"
"1","1533","3","557.78"
"1","1678","2","8.98"
"1","1962","4","611.34"
"1","681","2","415.55"
"1","196","4","295.21"
"1","430","5","434.23"
"1","1927","3","301.36"
"1","693","1","979.91"
"1","764","2","918.08"
"1","276","2","868.36"
"1","1560","2","637.87"
"2","1425","1","128.86"
"2","974","3","398.57"
"2","1052","3","654.06"
"2","487","5","331.89"
"2","515","4","220.62"
"2","1551","1","491.55"
"2","1377","2","103.25"
"2","1860","4","442.02"
"2","110","4","986.23"
"2","155","1","699.51"
"2","274","2","253.84"
"2","177","5","985.2"
"2","1674","3","732.19"
"2","1984","5","632.98"
"2","958","3","617.13"
"2","1213","2","551.46"
"2","1523","4","373.05"
"2","1192","2","119.03"
"2","888","2","851.23"
"2","989","1","449.76"
"2","611","1","831.67"
"2","1138","5","334.62"
"2","106","1","470.62"
"2","1627","4","600.8"
"2","1394","5","315.44"
"2","1196","4","458.55"
"2","740","4","755.78"
"2","1304","5","177.3"
"2","96","5","157.65"
"2","254","4","510.5"
"2","1889","3","234.55"
"2","919","2","180.48"
"2","244","2","580.69"
"2","44","1","627.82"
"2","501","2","321.33"
"2","161","3","809.1"
"2","1477","4","419.2"
"3","1206","3","16.23"
"3","135","5","878.75"
"3","1420","4","166.9"
"3","175","3","558.62"
"3","1213","5","440.97"
"3","850","3","525.02"
"3","1825","1","6.2"
"3","14","4","70.26"
"3","74","2","286.65"
"3","1817","4","724.08"
"3","1467","5","136.23"
"3","1458","2","255.66"
"3","554","4","260.22"
"3","684","2","138.19"
"3","1960","3","302.61"
"3","90","4","815.65"
"3","320","3","189.59"
"3","1379","3","848.2"
"3","481","5","777.9"
"3","1339","3","665.3"
"3","327","1","372.64"
"3","257","5","308.28"
"3","1974","4","318.56"
"3","1432","4","574.59"
"3","244","1","178.15"
"3","224","1","849.37"
"3","191","4","931.52"
"3","1804","5","108.91"
"3","498","3","42.07"
"4","1032","1","103.06"
"4","844","1","295.01"
"4","1355","4","28.07"
"4","1668","3","585.9"
"4","1629","3","755.28"
"4","1984","1","311.41"
"4","1959","2","653.49"
"4","1939","4","326.83"
"4","385","1","202.43"
"4","1878","1","248.79"
"4","931","5","584.57"
"4","588","5","556.18"
"4","285","1","544.16"
"4","439","1","65.19"
"4","1573","2","41.51"
"4","660","2","201.49"
"4","890","3","706.33"
"4","53","4","119.93"
"4","331","2","536.17"
"4","1127","2","465.1"
"4","948","4","412.71"
"4","816","2","812.02"
"4","180","5","443.84"
"4","1960","3","564.19"
"4","494","2","217.46"
"4","417","3","716.1"
"4","509","1","633.37"
"4","906","4","174.68"
"4","1947","4","639.29"
"4","1227","5","493.35"
"4","946","3","732.33"
"4","1025","1","43.08"
"4","274","3","946.27"
"4","1707","1","101.34"
"4","1439","1","490.31"
"4","672","2","880.15"
"4","33","5","723.84"
"4","1663","5","969.27"
"4","1781","4","596.77"
"4","669","4","343.79"
"4","1989","5","464.33"
"4","677","4","230.99"
"4","837","5","58.41"
"4","748","3","911.21"
"4","514","3","553.28"
"4","311","4","383.21"
"4","257","3","360.04"
"4","626","1","687.4"
"4","582","4","40.87"
"5","976","2","624.99"
"5","406","2","453.0"
"5","639","5","755.59"
"5","553","2","946.71"
"5","901","2","579.28"
"5","1243","4","233.44"
"5","556","3","457.65"
"5","147","4","511.98"
"5","1271","1","862.35"
"5","720","4","841.7"
"5","1914","5","976.41"
"5","977","4","296.1"
"6","1119","2","234.95"
"7","384","2","627.88"
"7","222","4","589.06"
"7","1406","5","720.96"
"7","622","5","118.9"
"7","1488","3","997.97"
"7","1407","2","996.76"
"7","256","1","181.44"
"7","929","2","256.19"
"7","1397","5","330.2"
"7","1121","3","444.3"
"7","960","1","262.05"
"7","811","5","224.09"
"7","1591","3","792.84"
"7","972","3","644.88"
"7","1311","3","681.82"
"7","1906","2","316.82"
"7","266","3","734.96"
"7","1420","4","314.71"
"7","509","1","933.57"
"7","1655","3","598.93"
"7","636","2","70.8"
"7","1546","3","375.66"
"7","1464","1","454.37"
"8","1795","5","355.67"
"8","159","3","750.29"
"8","1835","4","468.5"
"8","1912","1","433.1"
"8","537","5","965.5"
"8","740","3","3.94"
"8","631","1","949.18"
"9","919","3","466.57"
"9","1388","5","194.81"
"9","453","4","781.24"
"9","828","2","697.38"
"9","1413","4","189.08"
"9","1317","4","492.75"
"9","1188","1","992.53"
"10","754","4","128.35"
"10","723","3","688.18"
"10","1388","2","827.93"
"10","1889","3","820.36"
"10","748","5","205.2"
"10","320","4","557.91"
"10","33","2","400.44"
"10","1542","4","705.02"
"10","526","1","70.76"
"10","380","5","878.65"
"10","1729","1","954.57"
"10","1720","3","627.72"
"10","1917","4","723.82"
"10","285","3","97.01"
"10","1183","2","487.48"
"10","437","1","869.56"
"10","1711","2","143.28"
"10","1402","4","847.89"
"10","1330","5","778.07"
"10","556","5","645.54"
"10","180","4","756.41"
"10","555","1","800.32"
"10","1211","4","917.82"
"10","1077","1","383.32"
"11","430","5","80.53"
"11","753","1","791.29"
"11","1730","1","447.53"
"11","1418","3","421.64"
"11","268","4","705.32"
"11","363","4","541.42"
"11","70","4","166.43"
"11","1226","1","601.68"
"11","1009","2","762.93"
"11","159","4","654.91"
"11","392","5","953.31"
"11","1989","1","292.49"
"11","1228","5","96.11"
"11","360","4","794.49"
"11","1367","4","423.31"
"11","1440","1","571.05"
"11","1151","5","101.56"
"11","1786","1","200.2"
"11","858","1","334.03"
"11","1920","1","854.48"
"11","695","4","917.34"
"11","738","5","363.2"
"11","995","3","379.73"
"11","895","1","35.44"
"11","351","1","442.04"
"11","617","1","488.76"
"11","1388","1","635.34"
"11","35","5","182.52"
"11","1679","4","184.73"
"11","323","5","30.69"
"11","31","4","86.35"
"11","1347","5","232.19"
"11","1645","5","475.54"
"11","1183","2","922.32"
"11","1999","3","719.35"
"11","681","4","309.53"
"11","515","4","609.47"
"11","1121","1","427.46"
"11","330","5","781.64"
"11","1451","4","575.57"
"11","411","3","829.55"
"11","749","3","194.22"
"11","400","2","274.39"
"11","1804","5","753.33"
"11","597","2","505.09"
"11","996","2","440.25"
"11","1484","4","822.67"
"11","338","5","398.68"
"11","519","5","404.49"
"12","103","2","751.25"
"12","748","2","977.34"
"12","1032","3","488.8"
"12","812","2","813.15"
"12","360","4","395.12"
"12","453","5","202.61"
"12","1851","5","909.07"
"12","35","4","28.15"
"12","1790","2","577.99"
"12","675","2","804.04"
"12","1121","2","200.91"
"12","274","2","859.38"
"12","802","5","588.38"
"12","1045","2","448.35"
"12","484","5","63.93"
"12","639","2","323.09"
"12","276","2","306.65"
"12","1754","4","621.18"
"12","27","4","24.32"
"12","456","5","261.18"
"12","993","4","219.2"
"12","53","2","481.41"
"12","1218","1","802.81"
"12","1678","3","421.07"
"12","1458","5","369.27"
"12","885","5","592.29"
"12","732","3","790.37"
"12","31","4","702.61"
"12","84","1","496.08"
"12","647","2","24.34"
"12","436","1","426.93"
"12","325","2","152.57"
"12","1673","4","509.65"
"12","214","2","890.05"
"12","1192","3","3.81"
"12","1727","2","455.87"
"12","660","5","676.89"
"12","604","2","768.86"
"12","193","5","878.38"
"12","773","3","778.73"
"12","1629","1","185.39"
"13","554","3","23.18"
"13","1841","3","613.98"
"13","1650","1","68.44"
"13","739","4","727.68"
"13","1619","5","204.23"
"13","567","5","787.8"
"13","514","4","138.47"
"13","660","2","120.85"
"13","1408","4","699.21"
"13","365","4","931.29"
"13","447","3","811.62"
"13","1566","1","832.69"
"13","1585","5","367.59"
"13","1720","1","177.07"
"13","1733","5","667.18"
"13","1962","1","305.3"
"13","1664","1","179.97"
"13","432","2","772.49"
"13","292","1","134.92"
"13","335","5","201.4"
"13","1960","3","398.57"
"13","892","5","793.29"
"13","290","1","650.27"
"13","835","1","913.39"
"13","1059","2","765.94"
"13","66","5","471.08"
"13","426","4","685.91"
"13","1541","4","176.1"
"13","1442","1","456.01"
"13","180","5","880.45"
"13","1105","4","993.64"
"13","485","5","265.04"
"13","1983","5","692.62"
"13","1439","4","478.58"
"13","512","1","800.41"
"13","260","3","384.24"
"13","907","3","907.81"
"13","44","2","732.1"
"13","1218","5","296.1"
"13","831","2","409.28"
"13","874","3","188.4"
"13","472","5","58.66"
"13","39","1","302.88"
"13","1309","1","642.07"
"13","1560","5","591.84"
"13","176","2","756.14"
"14","1059","1","247.85"
"14","1310","3","330.06"
"14","1860","5","769.18"
"14","172","2","578.73"
"14","200","5","704.08"
"14","1232","4","821.11"
"14","1139","1","215.16"
"14","192","4","672.52"
"14","882","4","425.12"
"14","1720","4","961.65"
"14","1153","5","20.11"
"14","1917","1","638.77"
"14","554","5","712.01"
"14","881","4","288.29"
"14","1483","5","418.31"
"14","1021","5","733.54"
"14","341","5","133.83"
"14","354","3","411.08"
"14","133","3","312.86"
"14","436","1","870.1"
"14","153","2","954.54"
"14","646","2","202.95"
"14","652","3","493.61"
"14","540","3","765.16"
"14","608","4","657.41"
"14","930","1","556.25"
"14","505","5","425.06"
"14","1022","3","849.72"
"14","314","2","216.12"
"14","1811","3","496.82"
"14","337","5","246.29"
"14","901","4","168.07"
"14","1411","1","191.73"
"14","140","2","182.29"
"14","1553","1","133.72"
"14","463","1","437.55"
"14","49","4","48.77"
"14","1122","2","387.0"
"14","409","2","167.48"
"15","1444","2","579.51"
"15","1738","4","528.25"
"15","198","4","364.83"
"15","1889","1","696.76"
"15","683","2","53.79"
"15","1869","5","323.67"
"15","1696","5","9.04"
"15","177","4","15.68"
"15","531","3","5.02"
"15","1219","3","875.85"
"15","677","2","325.66"
"15","1598","5","159.03"
"15","1195","1","636.45"
"15","1637","3","532.67"
"15","764","5","151.34"
"15","974","4","910.48"
"15","614","4","267.45"
"16","1571","4","814.95"
"16","348","5","217.15"
"16","1744","4","368.63"
"16","327","4","646.75"
"16","910","2","146.38"
"16","470","1","537.88"
"16","1717","1","172.47"
"16","1833","1","293.54"
"16","977","3","526.22"
"16","813","5","482.24"
"16","1151","2","451.84"
"17","855","3","851.24"
"17","828","4","527.37"
"17","1274","1","305.74"
"17","1807","3","115.33"
"17","1553","1","809.43"
"17","1237","3","16.51"
"17","1808","4","925.97"
"18","133","3","73.43"
"18","266","4","743.91"
"18","1451","3","408.29"
"18","1121","2","909.3"
"18","386","2","242.49"
"18","1346","5","960.11"
"18","773","3","550.81"
"18","1810","3","772.79"
"18","96","1","572.79"
"18","350","3","847.11"
"18","1105","2","373.2"
"18","480","1","451.07"
"18","859","4","449.47"
"18","748","3","187.45"
"18","1535","3","200.67"
"18","181","1","27.97"
"18","1100","2","666.79"
"19","1438","1","424.5"
"19","1229","5","434.73"
"19","78","4","446.66"
"19","1206","2","867.1"
"19","604","4","506.98"
"19","676","4","181.39"
"19","1293","2","436.62"
"19","1836","4","938.79"
"19","612","1","910.52"
"19","1272","4","114.43"
"20","1983","5","596.16"
"20","1273","3","969.6"
"20","1481","1","96.92"
"20","1139","2","841.93"
"20","53","3","96.05"
"20","653","3","474.89"
"20","798","3","504.81"
"20","1843","2","926.47"
"20","249","3","596.84"
"20","931","1","313.04"
"20","938","2","470.44"
"20","1534","5","938.14"
"20","350","2","426.57"
"20","881","3","404.24"
"20","1862","1","893.04"
"20","1329","4","533.26"
"20","480","2","661.78"
"20","947","2","360.33"
"20","683","1","721.12"
"20","374","1","769.39"
"20","1691","4","889.59"
"20","1269","4","360.63"
"21","245","2","805.6"
"21","1481","5","266.97"
"21","752","4","554.24"
"21","82","5","900.79"
"21","553","5","656.17"
"21","1136","5","946.9"
"21","1754","2","267.21"
"21","1641","4","429.43"
"21","1791","5","225.8"
"21","1047","4","942.79"
"21","698","2","661.25"
"21","822","1","987.35"
"21","1078","3","566.07"
"21","172","4","858.62"
"21","1630","1","921.32"
"21","1242","5","469.76"
"21","884","1","242.44"
"21","858","3","579.5"
"21","1161","2","285.37"
"21","1073","4","736.35"
"21","1598","2","876.92"
"21","86","5","75.89"
"21","1718","2","612.15"
"21","55","3","584.9"
"22","467","4","473.99"
"22","319","4","183.87"
"22","491","1","581.45"
"22","1770","1","78.58"
"22","1413","3","279.62"
"22","1438","5","105.12"
"22","705","1","433.89"
"22","1362","5","605.88"
"22","74","4","425.36"
"22","498","2","785.04"
"22","780","3","949.97"
"22","1535","4","996.16"
"22","1842","1","126.37"
"22","1400","3","975.41"
"22","408","4","537.48"
"22","1193","4","839.38"
"22","890","5","142.15"
"22","927","1","847.41"
"22","1033","3","161.47"
"22","902","4","943.59"
"22","526","1","517.79"
"22","1320","4","253.92"
"22","749","4","321.19"
"22","702","2","508.71"
"22","977","1","105.18"
"22","135","2","983.66"
"22","1122","1","17.25"
"22","1325","2","186.26"
"22","160","5","120.22"
"22","1007","2","842.45"
"22","1460","2","191.74"
"22","892","2","472.97"
"22","346","4","11.76"
"22","1753","4","135.87"
"23","1673","4","721.22"
"23","1202","1","190.58"
"23","1411","3","921.35"
"23","375","3","191.56"
"23","427","5","471.32"
"23","1037","5","830.84"
"23","480","4","339.76"
"23","1619","5","963.72"
"23","995","3","34.38"
"23","1004","3","61.72"
"23","865","2","37.82"
"23","1966","2","974.35"
"23","909","2","976.95"
"23","1944","2","974.93"
"23","1231","1","529.48"
"23","811","4","223.05"
"23","1947","4","574.75"
"23","1260","2","5.84"
"23","948","3","315.51"
"23","774","5","428.67"
"23","1579","2","627.66"
"23","1405","3","998.7"
"23","478","1","214.6"
"23","1630","4","867.21"
"23","1965","2","861.64"
"23","1497","2","657.86"
"23","1550","1","225.6"
"23","1407","3","468.91"
"23","1718","1","941.25"
"23","1333","1","85.93"
"23","647","3","333.97"
"23","51","1","6.63"
"23","257","4","601.16"
"23","1610","3","752.58"
"23","927","5","280.86"
"23","1330","3","893.76"
"23","466","4","337.64"
"23","1384","2","564.22"
"23","1059","5","922.95"
"23","327","3","218.97"
"23","630","2","252.85"
"23","156","5","849.98"
"24","590","1","330.6"
"24","728","2","104.14"
"24","1172","2","899.65"
"24","957","1","923.15"
"24","960","2","823.3"
"24","1069","2","842.56"
"24","1845","5","919.01"
"24","405","3","485.19"
"24","1462","1","258.85"
"24","1992","1","333.64"
"24","1564","2","876.3"
"25","1917","2","364.21"
"25","1518","3","241.65"
"25","1218","1","644.38"
"25","1088","5","282.9"
"25","1731","1","941.33"
"25","151","3","343.25"
"25","1585","4","638.3"
"25","1484","3","785.63"
"25","1851","4","539.57"
"25","423","2","131.39"
"25","1913","3","195.43"
"25","1337","3","729.12"
"25","1235","1","114.46"
"25","355","1","102.14"
"25","899","5","240.04"
"25","233","5","9.52"
"25","1565","1","825.23"
"25","391","1","46.66"
"25","1804","3","210.03"
"25","222","4","772.6"
"25","1605","1","888.57"
"25","1696","1","474.99"
"25","1821","5","182.45"
"25","286","3","460.92"
"25","1965","4","246.25"
"25","801","1","115.98"
"25","1842","2","15.96"
"25","1464","4","248.64"
"25","40","3","30.25"
"25","92","2","355.15"
"25","1912","1","875.84"
"25","566","4","822.39"
"25","1899","4","554.78"
"25","1966","2","633.35"
"25","1627","4","851.2"
"25","364","3","224.69"
"25","1589","1","580.8"
"26","870","1","150.75"
"26","1394","1","832.28"
"26","732","2","467.09"
"26","1059","3","99.25"
"26","509","3","869.77"
"26","1828","5","261.57"
"26","531","5","771.43"
"26","546","4","266.15"
"26","1633","4","19.65"
"26","605","2","779.1"
"27","1107","1","638.69"
"27","344","2","27.28"
"27","1973","3","467.05"
"27","529","3","570.1"
"27","602","1","657.74"
"27","320","4","990.69"
"27","616","4","670.86"
"27","1836","5","637.14"
"27","1090","4","250.47"
"27","1346","1","783.5"
"27","617","4","776.38"
"27","135","2","337.88"
"27","1551","3","316.9"
"27","65","1","342.85"
"27","39","3","762.04"
"27","794","4","206.44"
"27","1439","3","690.97"
"27","239","5","552.71"
"27","1488","3","560.31"
"27","369","4","637.92"
"27","1534","3","165.27"
"27","873","3","91.87"
"27","821","1","524.76"
"27","702","3","567.85"
"27","816","1","883.32"
"27","674","4","686.88"
"27","158","3","1.69"
"27","1243","4","859.58"
"28","823","2","78.89"
"28","901","5","805.88"
"28","1825","2","343.98"
"28","84","2","831.67"
"28","666","4","129.44"
"28","822","3","897.26"
"28","1397","3","159.84"
"28","748","2","471.22"
"28","1327","5","258.77"
"29","1424","4","989.96"
"29","993","2","802.88"
"29","1768","3","430.76"
"29","1105","2","957.68"
"29","1821","4","863.29"
"29","1373","3","810.98"
"29","116","2","837.01"
"29","1349","1","211.67"
"29","969","3","416.49"
"29","907","2","733.46"
"29","720","1","150.26"
"29","1586","3","273.96"
"29","133","4","569.01"
"29","1911","2","725.09"
"29","1634","5","614.06"
"29","1304","3","23.29"
"29","641","1","232.59"
"29","1717","5","479.57"
"29","1187","5","633.84"
"30","402","3","212.84"
"30","1553","2","91.31"
"30","276","5","843.93"
"30","439","5","355.51"
"30","49","2","304.42"
"30","1976","1","440.84"
"30","94","1","640.17"
"30","1397","2","578.41"
"30","1828","5","693.54"
"30","836","3","646.67"
"30","1975","3","674.82"
"30","997","3","676.13"
"30","1161","3","358.22"
"30","470","5","571.19"
"30","1974","3","322.14"
"30","1325","5","915.03"
"30","850","1","140.66"
"30","1374","2","566.94"
"30","1378","1","170.24"
"30","1808","1","411.15"
"30","1630","1","528.26"
"30","1526","2","356.91"
"30","1037","3","510.22"
"30","84","5","957.81"
"30","1523","2","913.22"
"30","1122","2","581.68"
"30","1967","2","224.58"
"30","607","2","732.49"
"30","907","1","508.42"
"30","1569","1","728.21"
"30","882","2","342.68"
"30","1188","4","472.59"
"30","1143","3","655.4"
"30","1591","4","589.92"
"30","759","5","250.77"
"30","1153","5","50.36"
"30","844","2","339.87"
"30","435","4","637.54"
"30","740","4","508.98"
"30","1415","3","613.34"
"30","162","4","39.65"
"30","1205","2","551.55"
"30","1570","1","623.36"
"31","941","5","306.96"
"31","1060","2","654.53"
"31","228","4","239.54"
"31","1453","1","605.84"
"31","1078","5","4.87"
"31","234","2","247.61"
"31","1887","2","217.95"
"31","1135","1","398.49"
"31","862","1","844.13"
"31","1567","5","132.22"
"31","889","3","981.77"
"31","426","1","696.47"
"32","1773","2","695.28"
"32","1541","3","875.99"
"32","934","1","520.71"
"32","1556","5","598.55"
"32","993","4","978.19"
"32","323","1","982.62"
"32","946","5","13.78"
"32","326","5","981.24"
"32","600","1","631.93"
"32","500","4","207.93"
"32","1060","1","177.46"
"33","330","5","994.77"
"33","907","5","893.84"
"33","1836","5","935.5"
"33","1612","5","550.54"
"33","880","5","178.18"
"33","1349","3","518.4"
"33","1379","1","947.64"
"33","1974","3","26.78"
"33","1347","2","270.4"
"33","647","5","415.79"
"33","549","3","267.35"
"33","1446","4","728.08"
"33","617","5","538.36"
"33","866","5","203.33"
"33","290","5","888.76"
"33","140","1","556.39"
"33","819","2","7.0"
"33","1272","5","951.46"
"33","693","5","966.12"
"33","358","3","386.6"
"33","295","5","577.55"
"33","1747","2","552.68"
"33","119","1","309.81"
"33","956","5","174.28"
"33","353","2","28.68"
"33","1232","3","566.63"
"33","13","1","756.12"
"33","1388","3","804.56"
"34","1961","1","929.99"
"34","1589","3","804.69"
"34","426","3","852.48"
"34","1400","3","829.85"
"34","200","1","5.87"
"34","867","3","95.17"
"35","1294","3","253.69"
"35","1556","5","988.88"
"35","798","2","284.12"
"35","350","4","943.72"
"35","312","3","758.73"
"35","1335","3","4.98"
"35","372","2","396.8"
"35","1416","1","959.43"
"35","1083","1","953.94"
"35","728","5","601.77"
"35","800","3","900.7"
"35","49","4","560.42"
"35","713","1","77.22"
"35","436","4","42.72"
"35","1439","2","114.4"
"35","1230","1","806.23"
"35","1546","5","592.56"
"36","807","5","152.57"
"36","1259","3","726.8"
"36","1609","3","573.4"
"36","816","1","830.82"
"36","1805","4","452.11"
"36","1535","3","728.49"
"36","72","5","799.91"
"36","500","5","360.32"
"36","866","5","326.27"
"36","1400","1","61.82"
"36","1384","3","626.94"
"36","642","5","835.18"
"36","304","3","811.67"
"36","360","1","341.77"
"36","1461","5","86.02"
"36","1123","2","549.58"
"36","1550","5","453.32"
"36","181","2","490.4"
"36","318","1","0.34"
"36","78","1","848.03"
"36","84","5","555.9"
"36","1627","2","880.38"
"36","1771","4","659.4"
"36","1309","2","274.85"
"36","270","5","985.16"
"36","995","1","995.03"
"36","1569","4","33.02"
"36","1678","2","964.83"
"36","1817","4","974.49"
"36","810","5","555.94"
"36","380","4","917.78"
"36","1879","4","359.16"
"36","1581","2","255.08"
"36","678","1","419.83"
"36","1899","5","1.03"
"36","334","4","863.26"
"36","1821","5","689.96"
"36","1374","3","963.51"
"37","1025","2","814.19"
"37","1379","5","993.75"
"37","1457","2","477.52"
"37","399","2","626.33"
"37","1343","4","36.83"
"37","1305","5","591.72"
"37","1740","3","353.52"
"37","1306","5","602.96"
"37","1073","5","476.85"
"37","1337","4","422.38"
"37","1634","3","135.04"
"37","977","5","63.25"
"37","1037","4","949.17"
"37","751","5","828.16"
"37","356","1","21.75"
"37","147","1","394.23"
"37","1561","5","744.42"
"37","1473","4","678.58"
"37","1172","4","173.82"
"37","647","5","538.42"
"37","1854","4","208.64"
"37","764","1","856.51"
"37","1294","5","589.09"
"37","1736","5","135.39"
"37","841","2","981.8"
"37","400","2","408.2"
"37","1438","3","707.45"
"37","286","3","787.01"
"37","1664","4","537.72"
"37","453","4","751.03"
"37","1750","2","287.17"
"37","323","2","808.92"
"38","1781","1","695.22"
"38","1917","1","25.47"
"38","753","1","544.38"
"38","1439","5","356.49"
"39","358","4","342.98"
"39","10","2","997.11"
"39","641","3","524.59"
"39","1353","4","971.65"
"39","931","4","713.54"
"39","1868","2","737.81"
"39","1021","2","207.69"
"39","1954","2","871.92"
"39","823","4","751.99"
"39","1608","2","754.22"
"39","605","4","437.62"
"39","739","5","928.11"
"39","1937","5","123.7"
"39","1263","5","3.84"
"39","1983","1","534.89"
"39","1213","1","435.88"
"39","630","5","594.74"
"39","607","5","777.73"
"39","1173","2","400.72"
"39","1385","4","632.42"
"39","1675","2","938.38"
"39","1725","3","358.75"
"39","1580","2","768.74"
"39","1636","1","928.22"
"39","624","5","298.71"
"39","542","3","866.36"
"39","285","2","876.18"
"39","812","2","351.31"
"39","1045","3","855.67"
"39","549","3","438.93"
"39","804","2","715.81"
"40","382","5","415.77"
"40","1337","1","946.88"
"40","782","2","421.96"
"40","1308","1","579.28"
"40","1273","4","852.55"
"40","1718","1","132.75"
"40","1206","1","167.89"
"40","566","1","68.96"
"40","1937","2","289.96"
"40","747","5","791.95"
"40","1959","1","698.39"
"40","989","1","866.59"
"40","1564","5","674.72"
"40","775","5","649.14"
"40","588","2","44.6"
"40","1753","3","463.94"
"40","730","1","675.34"
"40","1136","4","551.35"
"40","181","2","849.5"
"40","170","3","744.45"
"40","1412","5","727.48"
"40","1394","2","767.03"
"40","1277","3","485.44"
"40","1047","4","143.78"
"40","1673","2","745.77"
"40","427","2","9.63"
"40","1181","1","468.93"
"40","880","4","86.95"
"40","655","3","366.08"
"40","674","2","658.85"
"40","149","4","847.26"
"40","1135","4","219.32"
"40","1097","4","829.94"
"40","458","5","502.64"
"40","1033","4","526.52"
"40","316","2","592.42"
"41","901","4","805.16"
"41","1586","2","188.0"
"41","930","1","151.85"
"41","1535","2","731.08"
"41","1362","4","780.44"
"41","380","4","383.57"
"41","630","5","113.68"
"41","514","3","405.6"
"41","631","4","212.94"
"41","496","5","489.93"
"41","1087","4","500.46"
"41","356","4","75.71"
"41","63","4","838.47"
"41","1564","2","216.07"
"41","483","5","771.48"
"41","1310","1","643.41"
"41","1326","4","698.16"
"41","618","2","986.51"
"41","1844","2","807.13"
"41","1606","3","926.42"
"41","1120","1","281.67"
"41","449","2","299.94"
"41","804","5","569.92"
"41","482","2","792.93"
"41","411","4","586.23"
"41","1379","4","418.18"
"41","1650","2","437.4"
"41","819","3","519.06"
"41","1442","1","10.12"
"41","666","1","79.76"
"41","96","2","560.17"
"41","293","2","269.06"
"41","1422","1","528.5"
"41","1959","4","567.49"
"41","676","2","478.15"
"42","413","2","250.41"
"42","841","1","978.31"
"42","384","2","212.03"
"42","974","2","662.93"
"42","1595","2","488.88"
"42","831","2","123.34"
"42","256","1","128.74"
"42","177","2","839.82"
"42","1751","4","178.58"
"42","1050","2","65.71"
"42","1979","5","765.02"
"42","1273","4","109.63"
"42","1567","5","301.44"
"42","977","3","532.87"
"42","869","5","161.71"
"42","314","3","600.52"
"42","1316","4","930.63"
"42","283","1","950.54"
"42","1685","3","336.31"
"42","1368","2","898.93"
"42","751","1","638.99"
"42","466","4","289.16"
"42","224","4","879.03"
"42","519","2","251.35"
"42","1217","3","172.72"
"42","937","4","62.23"
"43","729","2","558.87"
"43","772","2","398.36"
"43","498","4","681.85"
"43","1406","5","600.58"
"43","752","1","533.95"
"43","1976","5","175.78"
"43","1497","1","801.32"
"43","151","1","498.37"
"43","1227","3","297.47"
"43","937","4","173.96"
"43","751","3","330.41"
"43","311","3","718.09"
"43","268","4","366.31"
"43","451","1","57.91"
"43","800","5","985.3"
"43","873","2","527.95"
"43","1851","2","241.93"
"43","1319","4","570.93"
"43","10","5","606.81"
"43","1989","4","443.19"
"43","1738","1","125.14"
"43","614","1","323.61"
"43","1271","1","863.03"
"43","360","3","684.08"
"43","1097","4","180.1"
"43","141","3","764.79"
"43","978","1","392.08"
"43","119","5","735.87"
"43","515","5","546.36"
"43","1807","1","582.62"
"43","1913","5","524.23"
"43","1636","2","934.37"
"43","1329","2","563.33"
"43","135","2","392.14"
"43","238","3","28.36"
"43","1881","5","572.34"
"43","826","5","250.3"
"43","472","4","553.62"
"43","1030","2","546.61"
"43","1720","3","315.35"
"43","958","4","414.64"
"43","1259","4","489.83"
"43","1606","2","289.74"
"43","191","2","455.2"
"43","1560","1","771.76"
"43","1052","3","762.16"
"43","1228","1","1.15"
"43","479","5","87.82"
"44","1729","1","689.65"
"44","603","5","461.45"
"44","1217","1","286.22"
"44","1406","3","901.53"
"44","1008","2","674.65"
"44","1232","5","316.25"
"44","730","1","606.45"
"44","1733","3","327.32"
"44","1038","2","295.34"
"44","613","1","650.51"
"44","1976","1","40.21"
"44","617","1","960.69"
"44","631","3","403.03"
"44","530","3","825.19"
"44","1156","4","203.68"
"44","464","4","558.34"
"44","1793","2","797.98"
"44","710","3","746.35"
"44","1835","2","40.18"
"44","572","4","990.49"
"44","1088","1","739.3"
"44","556","1","596.72"
"44","529","2","681.37"
"44","1962","1","226.92"
"44","1363","5","712.18"
"44","989","4","22.75"
"44","1606","2","76.2"
"44","1377","4","558.67"
"44","1102","2","908.75"
"44","1453","5","475.94"
"44","40","5","364.05"
"44","639","3","759.71"
"44","831","4","836.74"
"44","978","1","796.39"
"44","705","3","993.26"
"44","723","1","692.72"
"44","902","3","903.28"
"44","417","5","439.5"
"44","1868","5","916.9"
"44","943","1","594.11"
"44","1235","2","663.1"
"44","1400","5","676.85"
"44","1666","4","376.65"
"44","241","2","436.3"
"45","794","4","913.55"
"45","723","4","464.98"
"45","48","2","479.48"
"45","190","3","110.24"
"45","1193","4","688.81"
"45","720","1","27.18"
"45","184","2","57.4"
"45","26","1","913.82"
"45","1967","2","569.92"
"45","725","4","679.33"
"45","844","1","623.37"
"45","1903","3","903.23"
"45","1687","1","508.93"
"45","358","3","133.33"
"45","1825","3","541.08"
"45","978","1","872.08"
"45","482","5","198.97"
"45","995","2","359.12"
"45","238","2","250.2"
"45","1039","5","1.67"
"45","293","2","838.33"
"45","974","1","390.26"
"45","1330","5","850.89"
"45","1843","4","842.13"
"45","1072","5","61.02"
"45","826","1","405.63"
"45","780","4","931.81"
"45","1120","2","198.1"
"46","188","2","177.38"
"46","1925","3","42.06"
"46","28","1","928.93"
"46","1374","3","750.91"
"46","831","2","869.3"
"46","359","4","185.78"
"46","810","3","717.4"
"46","135","1","507.12"
"46","1434","4","212.49"
"46","989","4","472.4"
"46","599","5","378.76"
"46","1750","4","396.81"
"46","844","4","47.05"
"46","652","4","676.33"
"46","600","3","555.04"
"46","884","3","265.68"
"46","331","5","600.71"
"46","813","2","669.79"
"46","1141","5","933.45"
"46","420","1","477.72"
"46","1959","4","394.91"
"46","1097","3","419.69"
"46","350","5","196.91"
"46","614","1","403.88"
"46","1793","5","196.51"
"46","1242","5","927.26"
"46","509","5","676.7"
"46","184","5","696.37"
"46","491","4","11.56"
"46","1806","3","273.91"
"46","1206","4","788.65"
"46","268","5","960.08"
"46","631","1","347.59"
"46","1960","3","992.12"
"46","1899","4","490.47"
"46","1036","3","322.57"
"46","556","5","38.72"
"46","947","4","867.96"
"46","480","4","316.21"
"46","698","3","510.17"
"46","1387","3","349.98"
"46","1556","1","774.84"
"46","669","4","43.12"
"46","1675","1","999.9"
"46","837","2","956.91"
"46","176","2","262.43"
"46","1645","2","405.94"
"46","50","3","633.69"
"46","974","3","344.73"
"46","1637","5","933.11"
"47","695","1","901.42"
"47","1197","5","468.43"
"47","1374","2","597.72"
"47","39","1","868.07"
"47","476","2","754.28"
"47","1976","2","530.18"
"47","276","2","525.85"
"47","604","3","715.15"
"47","351","5","49.27"
"47","1642","1","872.6"
"47","1343","1","735.44"
"47","1578","5","46.46"
"47","527","5","605.03"
"47","1636","3","860.78"
"47","1740","2","955.81"
"47","622","5","842.26"
"47","1863","3","960.26"
"47","285","1","953.61"
"47","398","3","846.52"
"47","698","1","395.29"
"47","653","3","945.52"
"47","1347","1","144.35"
"47","1841","2","599.85"
"47","811","3","996.83"
"47","252","1","458.2"
"47","319","2","68.52"
"47","798","3","554.75"
"47","1763","5","199.95"
"47","1650","4","563.49"
"48","270","1","79.74"
"48","794","3","984.83"
"48","1781","4","867.91"
"48","602","5","202.58"
"48","1869","3","386.94"
"48","254","5","582.35"
"48","303","3","501.16"
"48","1404","3","591.84"
"48","1172","4","648.66"
"48","1553","1","736.99"
"48","1184","4","246.75"
"48","70","4","428.5"
"48","1984","4","899.78"
"48","506","1","420.5"
"48","1181","3","282.04"
"49","51","1","531.67"
"49","1235","5","602.39"
"49","1039","4","302.69"
"49","1202","1","338.85"
"49","1386","5","829.74"
"49","1944","5","852.84"
"49","1873","3","613.83"
"49","696","3","999.04"
"49","277","2","846.16"
"49","1501","3","48.82"
"49","208","1","609.57"
"49","1585","3","980.51"
"49","691","5","831.22"
"49","1550","2","156.02"
"49","1589","3","856.61"
"49","63","4","458.95"
"49","1145","5","868.23"
"49","1607","2","872.56"
"49","1707","3","328.25"
"49","639","2","767.59"
"49","1181","3","353.74"
"49","426","2","309.94"
"49","655","5","874.19"
"49","374","5","473.98"
"49","1973","2","67.5"
"49","76","5","961.12"
"49","151","3","746.26"
"49","158","3","665.34"
"49","67","1","402.99"
"49","1668","3","106.68"
"49","1403","1","499.08"
"49","798","3","504.0"
"50","17","3","96.61"
"50","1135","4","824.76"
"50","318","4","778.32"
"50","540","1","272.88"
"50","1992","1","854.18"
"50","566","1","257.24"
"50","1598","5","922.22"
"50","63","3","13.49"
"50","1444","5","21.71"
"50","272","1","742.15"
"50","355","3","302.69"
"50","362","1","303.09"
"51","635","5","64.41"
"51","1364","2","392.66"
"51","10","5","922.55"
"51","420","1","257.84"
"51","1136","5","969.76"
"51","1957","4","896.12"
"51","1042","5","736.6"
"51","480","5","270.18"
"51","874","3","934.55"
"51","937","3","706.11"
"51","270","1","21.51"
"51","1086","1","881.95"
"51","482","5","589.13"
"51","1355","3","129.2"
"51","139","3","935.85"
"51","612","1","752.22"
"51","1402","3","941.29"
"51","1580","4","248.5"
"51","1285","1","506.25"
"51","1483","5","294.87"
"51","1153","2","892.46"
"51","1330","5","13.4"
"51","1511","2","52.06"
"51","1753","1","379.36"
"51","1685","1","929.98"
"51","236","5","962.53"
"51","972","4","680.92"
"51","23","2","133.51"
"51","359","5","922.06"
"51","346","1","92.42"
"52","1629","5","718.83"
"52","1138","3","709.39"
"52","1806","5","810.61"
"52","1764","4","856.82"
"52","705","1","631.58"
"52","1213","2","752.79"
"52","493","5","347.53"
"52","1887","2","373.45"
"52","406","2","2.64"
"52","1099","2","372.13"
"52","176","4","742.52"
"52","1373","3","105.13"
"52","1556","1","90.2"
"52","1934","5","867.51"
"52","261","4","237.47"
"52","997","3","433.29"
"52","555","4","458.02"
"52","1807","3","907.82"
"52","642","3","296.88"
"52","477","5","832.6"
"52","346","3","284.4"
"52","837","2","12.84"
"52","938","1","143.74"
"53","1208","2","980.38"
"53","835","5","313.95"
"53","1754","3","286.79"
"53","533","3","298.88"
"53","1368","5","486.84"
"53","603","1","476.05"
"53","1329","5","384.04"
"53","1687","4","445.05"
"53","837","5","827.1"
"53","1854","2","365.34"
"53","114","2","581.43"
"53","318","5","581.3"
"53","826","5","97.43"
"53","1460","5","582.95"
"53","1231","2","866.44"
"53","501","2","842.19"
"53","70","1","777.48"
"53","1196","5","612.13"
"53","811","2","736.17"
"53","1553","1","151.37"
"53","1407","4","323.49"
"53","691","3","720.19"
"53","400","2","352.6"
"53","810","4","365.97"
"53","1764","5","192.78"
"53","1881","4","339.71"
"53","916","5","706.34"
"53","1860","5","90.45"
"53","180","1","676.0"
"53","904","3","368.86"
"53","94","5","159.71"
"53","1367","3","963.41"
"53","312","4","945.05"
"53","72","5","323.04"
"54","902","3","39.76"
"54","314","3","66.87"
"54","1518","4","800.34"
"54","1444","2","507.83"
"54","29","5","555.8"
"54","409","4","373.8"
"54","892","1","48.01"
"54","1790","3","527.62"
"54","1553","5","267.66"
"54","327","1","282.83"
"54","392","4","279.1"
"54","505","4","382.92"
"54","1925","1","600.78"
"54","804","2","593.33"
"54","1033","1","841.17"
"54","1501","1","252.5"
"54","406","5","317.84"
"54","600","2","616.63"
"54","996","3","411.73"
"55","660","4","784.31"
"55","1111","4","704.37"
"55","139","5","204.46"
"55","1333","3","294.17"
"55","31","4","50.93"
"55","698","5","572.12"
"55","153","3","649.12"
"55","1299","2","121.74"
"55","154","2","809.4"
"55","1718","5","90.1"
"55","375","5","956.73"
"55","505","2","980.42"
"55","409","3","545.78"
"55","730","2","812.74"
"55","1878","4","382.05"
"55","508","3","79.42"
"55","749","2","307.37"
"55","319","3","776.12"
"55","946","4","951.36"
"55","1004","2","90.36"
"55","240","1","423.1"
"55","76","3","223.04"
"55","1073","4","749.96"
"55","1812","2","769.62"
"55","48","5","311.62"
"55","1760","3","326.16"
"55","909","3","11.48"
"55","295","1","633.99"
"55","172","4","571.23"
"55","630","4","512.88"
"55","524","1","967.48"
"55","1972","3","721.05"
"55","1217","4","753.94"
"55","1027","2","622.91"
"55","1443","3","932.9"
"56","533","2","240.6"
"57","1497","5","818.13"
"57","1926","5","885.22"
"57","1157","3","440.28"
"57","354","3","537.24"
"57","1123","5","243.48"
"57","506","2","938.57"
"57","1599","1","972.08"
"57","1610","4","958.9"
"57","1184","2","636.01"
"58","1317","2","281.83"
"58","1542","4","485.47"
"58","1862","3","672.0"
"58","1935","1","12.13"
"58","1247","2","587.86"
"58","1655","4","674.54"
"58","1626","2","115.65"
"58","934","1","1.6"
"58","68","2","400.08"
"58","1385","3","794.52"
"58","1430","3","186.5"
"58","1402","2","637.35"
"58","1337","2","38.74"
"58","881","4","766.8"
"58","466","3","564.24"
"58","213","1","812.21"
"58","1589","2","620.29"
"58","725","2","747.12"
"58","1171","4","74.0"
"58","1730","5","183.11"
"58","1926","4","507.55"
"58","303","5","108.12"
"58","1881","4","515.71"
"58","1983","5","432.34"
"58","542","4","182.73"
"58","321","4","352.62"
"58","408","2","839.82"
"58","1344","3","531.0"
"58","1573","4","902.59"
"58","1805","3","822.93"
"59","899","2","830.12"
"59","1297","3","502.28"
"59","1828","4","267.6"
"59","568","3","621.07"
"59","556","4","39.98"
"59","649","4","408.67"
"59","971","1","976.91"
"59","1045","1","758.69"
"59","1821","3","410.99"
"59","669","3","270.73"
"59","995","5","324.85"
"59","1808","3","666.41"
"59","1102","3","904.41"
"60","1332","4","950.9"
"61","1156","3","163.47"
"61","405","4","891.87"
"61","821","4","541.8"
"61","1363","3","990.24"
"61","1387","5","448.2"
"61","597","3","590.1"
"61","1320","5","550.24"
"61","1043","4","386.53"
"61","1640","3","272.0"
"61","1402","4","982.44"
"61","439","4","955.86"
"61","885","3","498.57"
"61","127","3","67.09"
"61","1937","5","39.31"
"61","447","3","514.08"
"61","26","1","106.8"
"61","154","1","993.59"
"61","1814","1","348.43"
"61","1004","2","268.83"
"61","608","4","170.04"
"61","1425","2","348.7"
"61","456","4","99.61"
"61","537","3","405.09"
"61","1920","5","914.38"
"61","224","5","638.08"
"61","1090","1","346.9"
"61","618","5","655.15"
"61","641","1","944.38"
"61","907","5","31.16"
"61","644","1","372.84"
"61","427","1","559.42"
"61","1271","3","483.55"
"61","323","1","450.88"
"61","18","4","567.57"
"61","1580","2","876.54"
"61","1451","5","970.97"
"61","1102","2","696.12"
"61","1033","1","38.98"
"61","1157","2","575.83"
"61","1032","2","912.52"
"61","505","4","224.45"
"62","190","1","535.59"
"62","1862","1","426.33"
"62","1337","1","491.66"
"62","1182","4","436.92"
"62","1059","5","411.02"
"62","1645","1","877.36"
"62","194","2","263.68"
"62","1228","4","299.58"
"62","456","4","395.75"
"62","1578","1","131.17"
"62","1509","2","994.84"
"62","1207","3","85.87"
"62","1083","3","144.75"
"62","478","4","731.73"
"62","149","2","551.42"
"62","549","3","548.29"
"63","1316","2","923.68"
"63","94","5","488.65"
"63","558","4","311.78"
"63","531","4","818.6"
"63","1374","3","52.52"
"63","320","4","821.54"
"63","653","1","446.98"
"63","681","5","385.35"
"63","406","4","433.48"
"63","929","4","22.9"
"63","1679","2","732.51"
"63","1571","3","712.53"
"63","1008","5","509.7"
"63","688","1","351.47"
"63","1963","4","706.79"
"63","1598","5","302.67"
"63","1393","4","2.8"
"63","1634","5","998.81"
"63","1197","4","616.71"
"63","1631","5","837.8"
"63","1076","5","65.0"
"63","752","3","289.31"
"63","1764","2","541.65"
"63","1954","2","139.33"
"63","509","4","318.53"
"63","1567","4","635.69"
"63","291","2","508.32"
"63","1489","1","221.77"
"63","1929","1","452.56"
"63","1779","1","854.07"
"63","1360","5","141.31"
"63","498","2","547.24"
"63","400","5","953.65"
"64","947","2","897.67"
"64","398","5","805.11"
"64","563","2","989.02"
"64","1754","1","78.76"
"64","641","5","868.42"
"64","440","1","841.43"
"64","747","5","880.29"
"64","200","3","469.74"
"64","1481","5","447.79"
"64","1326","1","0.94"
"64","1364","5","75.25"
"64","94","5","186.95"
"64","844","3","148.48"
"64","1530","2","208.49"
"64","1141","2","149.95"
"64","1786","3","701.61"
"64","974","2","470.82"
"64","375","1","735.08"
"64","1419","2","326.78"
"64","1095","5","671.25"
"64","1025","5","487.16"
"64","1779","2","980.5"
"64","1760","2","10.54"
"64","399","3","100.17"
"64","1327","5","586.24"
"64","1439","5","159.19"
"64","605","3","699.4"
"64","160","3","87.77"
"64","1373","2","215.91"
"64","889","3","357.4"
"64","1519","3","676.14"
"64","1193","1","925.35"
"64","1353","2","748.17"
"64","802","1","431.09"
"64","1090","2","341.3"
"64","9","5","274.94"
"64","937","5","2.29"
"64","1731","2","839.82"
"64","1464","1","5.94"
"64","1640","4","958.07"
"64","810","5","479.28"
"65","705","4","90.2"
"65","947","3","93.75"
"65","1052","1","273.3"
"65","803","3","542.56"
"65","490","3","214.94"
"65","1598","3","847.16"
"65","1213","1","20.4"
"65","1637","5","128.22"
"65","50","5","179.75"
"65","1663","5","114.02"
"65","1339","3","629.5"
"65","597","1","960.77"
"65","1484","3","632.95"
"65","358","5","393.02"
"65","1889","1","854.25"
"65","618","4","665.35"
"65","311","4","911.17"
"65","1153","2","578.53"
"65","391","1","119.37"
"65","1281","3","639.6"
"65","16","5","398.39"
"65","1123","2","880.97"
"65","1188","3","583.2"
"65","242","5","498.27"
"65","1899","5","561.03"
"65","635","2","815.34"
"65","304","2","333.01"
"65","1387","3","58.15"
"65","1367","3","818.85"
"66","141","1","444.41"
"66","417","4","435.67"
"66","794","3","481.99"
"66","32","3","842.13"
"67","1299","2","724.11"
"67","674","2","544.98"
"67","1343","4","52.54"
"67","720","3","977.39"
"67","1378","4","625.21"
"67","1860","4","785.63"
"67","1929","2","96.88"
"67","213","5","781.36"
"67","1184","2","722.93"
"67","37","1","134.88"
"67","1845","1","471.08"
"67","295","4","466.87"
"67","1451","3","752.54"
"67","874","1","517.9"
"67","276","4","303.37"
"67","941","1","568.44"
"67","360","5","912.53"
"67","657","1","163.3"
"67","566","4","523.12"
"67","895","2","95.56"
"67","423","5","300.12"
"67","485","1","587.13"
"67","1408","3","669.8"
"67","413","3","761.76"
"67","882","2","688.15"
"67","1781","5","361.42"
"67","1591","3","660.61"
"67","1903","5","665.08"
"68","1609","2","81.12"
"68","1747","4","882.06"
"69","1378","3","12.04"
"69","1466","5","567.68"
"69","862","3","942.47"
"69","1036","3","398.61"
"69","710","4","0.18"
"69","1929","2","301.15"
"69","348","1","611.21"
"69","813","4","352.1"
"69","1845","5","327.41"
"69","1997","4","687.34"
"69","672","5","270.35"
"70","106","5","392.69"
"70","1453","2","353.56"
"70","603","3","539.68"
"70","995","3","941.68"
"70","1219","2","157.97"
"70","1299","2","336.09"
"70","1375","2","917.84"
"70","531","2","38.1"
"70","1090","4","234.9"
"70","624","3","856.92"
"70","310","3","101.04"
"70","927","2","616.84"
"70","293","1","616.7"
"70","1099","3","538.7"
"70","1069","1","1.43"
"70","1553","4","260.63"
"70","148","2","671.67"
"70","1419","1","345.8"
"70","1918","1","806.78"
"70","1446","4","269.42"
"70","1169","2","140.21"
"70","1036","4","196.88"
"70","1738","5","313.53"
"70","813","4","663.7"
"70","895","4","894.93"
"70","139","1","870.26"
"70","311","3","21.09"
"70","1273","1","199.73"
"70","180","2","7.92"
"70","805","4","900.37"
"70","1937","3","38.27"
"70","896","4","519.14"
"70","1310","5","392.22"
"70","1845","3","735.58"
"70","1378","1","810.97"
"70","1319","2","913.93"
"70","1281","2","844.59"
"70","632","4","691.32"
"70","1277","3","439.93"
"70","18","4","652.09"
"70","1242","5","49.34"
"70","1387","4","48.46"
"70","1415","1","965.98"
"70","1234","3","378.09"
"70","1205","1","778.98"
"70","1086","1","540.58"
"70","1733","4","362.11"
"70","351","1","59.51"
"70","256","1","85.83"
"71","1442","5","686.29"
"71","1332","5","205.97"
"71","607","1","368.43"
"71","1173","1","861.11"
"71","458","1","800.89"
"71","671","1","782.85"
"71","681","1","736.46"
"71","481","3","352.62"
"71","454","4","278.27"
"71","1325","4","996.09"
"71","655","3","693.18"
"71","1400","1","322.03"
"71","870","2","315.0"
"71","1999","1","633.84"
"71","1311","2","623.06"
"71","500","4","737.78"
"71","192","2","919.83"
"71","411","1","597.61"
"71","1095","2","814.4"
"71","1806","1","390.66"
"71","509","2","652.36"
"71","290","1","388.88"
"71","1640","1","394.42"
"71","1024","4","663.53"
"71","501","3","941.9"
"71","529","2","43.48"
"71","1329","3","362.69"
"71","800","2","938.13"
"71","494","2","56.88"
"71","1183","4","863.19"
"71","1678","4","712.37"
"71","181","4","794.56"
"71","965","1","137.42"
"71","1650","3","779.42"
"71","260","3","977.21"
"71","723","4","264.76"
"71","27","3","782.73"
"71","775","1","568.11"
"71","1323","3","317.28"
"71","1186","1","962.72"
"71","1333","1","732.74"
"71","1347","5","504.97"
"71","219","3","485.51"
"71","1393","4","711.02"
"71","888","4","566.9"
"71","1840","5","520.86"
"72","365","3","167.8"
"72","1033","4","95.29"
"72","1541","1","85.55"
"72","26","4","609.51"
"72","1965","5","243.61"
"72","1388","5","876.57"
"72","693","3","207.19"
"72","597","2","897.06"
"72","1622","5","890.45"
"73","823","4","381.9"
"73","1168","2","317.94"
"73","1589","1","379.37"
"73","1889","2","153.86"
"73","449","5","381.23"
"73","624","4","793.38"
"73","1773","1","826.57"
"73","470","4","464.19"
"73","283","1","197.05"
"73","334","5","749.62"
"74","725","4","457.09"
"74","245","4","86.57"
"74","649","1","32.44"
"74","1090","5","677.21"
"74","1378","4","189.96"
"74","436","4","998.88"
"74","18","1","429.02"
"74","772","2","815.75"
"74","631","3","545.09"
"74","506","5","54.51"
"74","192","4","237.08"
"75","186","2","778.25"
"75","1835","2","819.75"
"75","749","2","457.87"
"75","695","3","355.94"
"75","1814","1","90.26"
"75","1224","5","884.09"
"75","717","3","753.95"
"75","801","5","789.72"
"75","1344","5","917.11"
"75","1168","5","250.6"
"75","764","3","498.88"
"75","400","3","927.52"
"75","326","1","744.28"
"75","817","5","590.25"
"75","826","3","709.89"
"76","177","5","399.43"
"76","1511","3","519.58"
"76","1619","5","590.93"
"76","1744","1","448.54"
"76","526","1","342.67"
"76","794","5","272.79"
"76","456","1","286.76"
"76","1578","4","470.26"
"76","321","2","811.86"
"77","1033","5","772.03"
"77","256","1","626.86"
"77","866","3","683.32"
"77","408","1","151.25"
"77","1629","3","180.36"
"77","979","4","696.37"
"77","1138","3","203.16"
"77","1228","5","134.28"
"77","1300","1","749.64"
"77","28","5","758.11"
"77","1146","3","229.35"
"77","947","3","534.05"
"77","1320","1","543.28"
"77","830","3","674.9"
"77","398","3","806.52"
"77","1807","4","977.64"
"77","1240","2","250.59"
"77","1666","3","938.47"
"77","1388","4","977.92"
"77","1571","4","10.81"
"77","234","4","459.43"
"77","1184","2","585.06"
"77","1570","1","680.64"
"77","1773","2","323.72"
"77","1965","2","716.74"
"77","1840","3","519.2"
"77","1786","2","946.32"
"77","303","1","382.09"
"77","1564","1","446.26"
"77","351","5","65.5"
"77","829","1","55.54"
"77","1168","5","719.76"
"77","498","5","97.89"
"77","1395","1","780.3"
"77","1461","2","790.87"
"77","1929","4","863.93"
"77","1443","4","372.03"
"77","1560","1","690.9"
"77","1925","2","52.33"
"77","268","2","849.58"
"77","404","2","484.28"
"77","766","2","557.59"
"77","346","5","492.99"
"77","1088","2","146.69"
"77","906","5","542.95"
"77","354","4","366.81"
"77","1509","3","565.38"
"77","1227","5","193.89"
"77","729","2","717.96"
"78","1962","1","761.98"
"78","752","5","876.93"
"78","929","1","447.41"
"78","236","2","869.56"
"78","1339","5","442.67"
"78","155","5","260.59"
"78","691","2","689.88"
"78","181","4","870.94"
"78","1378","3","423.08"
"78","880","1","616.5"
"78","1411","2","762.3"
"78","724","2","847.43"
"78","1959","4","91.21"
"78","1235","1","324.75"
"78","568","4","261.78"
"78","327","4","55.33"
"78","477","2","360.16"
"79","374","2","253.31"
"79","1640","4","665.43"
"79","929","3","56.29"
"79","437","2","418.04"
"79","1890","4","147.36"
"79","1961","4","500.83"
"79","977","4","549.99"
"79","369","4","408.35"
"79","649","1","664.87"
"79","1685","4","717.74"
"79","1925","2","160.39"
"79","1785","2","184.61"
"79","1605","5","207.12"
"79","1541","5","672.48"
"79","1406","1","205.96"
"79","835","1","630.33"
"79","855","5","441.33"
"79","1078","1","64.68"
"79","1868","2","197.07"
"79","622","1","397.8"
"79","795","5","697.91"
"80","937","1","442.77"
"80","80","4","608.92"
"80","1397","2","228.36"
"80","1420","5","819.04"
"80","72","5","543.43"
"80","1091","1","930.36"
"80","1725","3","624.14"
"80","1123","1","588.1"
"80","55","4","885.2"
"80","1881","5","566.52"
"80","666","4","19.62"
"80","1631","3","918.82"
"80","996","2","807.17"
"80","1518","1","548.7"
"80","1088","1","9.17"
"80","17","3","1.2"
"80","811","3","314.44"
"80","1983","3","304.88"
"80","1728","3","346.01"
"80","902","3","532.09"
"80","529","5","383.79"
"80","1014","3","339.8"
"80","1804","2","971.39"
"80","582","1","108.85"
"80","530","1","351.61"
"80","759","5","816.83"
"80","652","5","492.3"
"80","1629","4","365.39"
"80","398","3","911.21"
"80","1878","1","914.8"
"80","969","5","940.86"
"80","1083","1","840.74"
"80","341","4","259.4"
"80","1585","5","686.15"
"80","1306","1","136.32"
"80","1664","1","109.23"
"80","698","3","116.6"
"80","1929","4","677.92"
"80","611","2","892.82"
"80","1375","2","525.59"
"80","1497","3","595.49"
"81","1319","2","814.97"
"81","493","3","834.78"
"81","180","1","737.96"
"81","987","4","526.5"
"81","1790","1","340.79"
"81","1442","1","361.82"
"81","147","1","591.67"
"81","1424","2","859.52"
"81","436","4","9.21"
"81","553","1","299.24"
"81","29","3","25.48"
"81","1224","2","787.75"
"81","46","4","995.85"
"81","34","3","976.07"
"81","179","1","413.5"
"81","9","1","704.93"
"81","1464","2","377.15"
"82","1173","2","196.78"
"82","285","2","790.61"
"82","549","1","481.2"
"82","1533","4","242.43"
"82","543","3","575.61"
"82","9","1","791.7"
"82","158","1","114.57"
"83","1403","2","917.53"
"83","754","2","433.12"
"83","907","1","18.31"
"83","1107","5","406.27"
"83","1580","3","122.88"
"83","1975","1","997.58"
"83","94","2","400.86"
"83","1374","1","871.03"
"83","1868","2","105.81"
"83","1564","1","389.61"
"83","1844","3","103.86"
"83","649","5","18.6"
"83","110","2","935.69"
"83","609","5","964.89"
"83","822","5","435.81"
"83","589","2","607.19"
"83","1606","3","67.0"
"83","1725","3","108.76"
"83","1400","3","776.0"
"83","53","4","819.23"
"83","428","4","490.68"
"83","172","5","158.55"
"84","1421","3","278.03"
"84","1224","5","232.06"
"84","1156","5","887.33"
"84","1526","3","78.58"
"84","1961","1","792.76"
"84","892","3","895.65"
"84","1192","5","398.35"
"84","1086","2","100.63"
"84","558","4","672.32"
"84","1523","3","791.43"
"84","214","4","429.69"
"84","1388","5","181.35"
"84","29","3","146.77"
"84","702","1","520.48"
"84","913","2","223.83"
"84","1043","1","972.23"
"84","1215","3","12.09"
"84","1764","1","885.09"
"84","1968","1","690.47"
"84","1267","1","261.19"
"84","1422","4","273.98"
"84","1443","1","81.5"
"84","1141","5","763.52"
"84","1181","5","372.7"
"84","1760","2","211.37"
"84","1705","3","839.29"
"84","993","1","535.9"
"84","556","2","213.8"
"84","1786","4","336.08"
"84","855","2","608.68"
"84","1791","3","32.09"
"84","423","1","397.92"
"84","310","4","961.28"
"84","725","5","165.93"
"84","519","3","347.2"
"84","372","3","840.63"
"84","1609","5","273.22"
"84","605","5","424.07"
"84","884","5","458.22"
"84","1322","1","641.39"
"84","675","2","491.89"
"84","885","2","949.59"
"84","1157","2","452.25"
"84","1364","4","888.73"
"84","1811","2","449.26"
"85","913","5","593.33"
"85","40","2","316.31"
"85","1073","2","216.8"
"85","405","2","392.33"
"85","631","3","96.6"
"85","63","2","361.27"
"85","1443","1","600.38"
"85","256","2","460.23"
"85","1717","2","443.56"
"85","1181","5","653.48"
"85","754","4","553.13"
"85","1267","5","349.82"
"85","575","2","490.31"
"85","1080","3","481.16"
"85","1713","3","915.76"
"85","1347","1","541.51"
"85","1612","4","114.17"
"85","660","3","864.93"
"85","1690","2","124.57"
"85","1675","5","520.5"
"85","895","4","614.56"
"85","1323","5","613.28"
"85","1903","4","173.2"
"85","1076","2","864.16"
"85","420","5","392.71"
"85","1294","1","410.93"
"85","219","4","678.99"
"85","695","1","144.55"
"85","1272","3","78.73"
"85","1386","1","232.49"
"85","1705","5","162.12"
"85","772","4","128.61"
"85","1876","1","948.63"
"85","496","1","747.17"
"85","439","4","366.76"
"85","1736","2","837.45"
"85","1691","2","956.53"
"85","934","5","542.28"
"85","653","1","218.22"
"85","972","3","792.29"
"85","449","1","639.94"
"85","1211","4","99.2"
"85","1833","4","172.21"
"85","1439","5","524.3"
"85","838","1","341.27"
"86","1007","4","332.5"
"86","1033","1","761.87"
"86","454","3","941.66"
"86","1172","3","715.38"
"86","110","3","106.47"
"86","1293","3","810.01"
"86","1233","2","304.78"
"86","509","2","273.43"
"86","124","3","200.05"
"87","1933","2","139.56"
"87","946","3","274.3"
"87","1247","4","791.07"
"87","858","4","517.22"
"87","631","5","481.1"
"87","1972","3","204.78"
"87","647","3","209.33"
"87","1954","3","127.42"
"87","1731","2","204.67"
"87","1419","4","220.85"
"87","973","4","649.12"
"87","713","4","809.37"
"87","934","1","511.65"
"87","1473","5","609.88"
"87","380","1","60.52"
"87","835","3","669.84"
"87","524","1","494.13"
"87","331","1","992.59"
"87","1100","2","934.92"
"87","747","4","133.72"
"87","320","2","312.35"
"87","1310","1","952.42"
"87","1192","5","835.34"
"87","322","4","567.04"
"87","1227","2","912.65"
"87","1799","1","335.4"
"87","752","3","157.11"
"87","927","5","875.71"
"87","321","2","927.32"
"87","754","5","661.84"
"87","1183","5","158.43"
"87","76","2","533.48"
"87","1208","1","753.44"
"87","642","2","73.15"
"87","639","2","993.23"
"87","124","4","786.59"
"87","1843","3","770.01"
"87","1697","3","756.1"
"87","1641","2","191.58"
"87","1088","1","505.8"
"88","509","1","595.26"
"88","691","3","648.35"
"88","1460","5","551.39"
"88","193","4","451.36"
"88","572","1","875.44"
"88","470","5","752.44"
"88","890","2","179.93"
"88","1368","1","358.0"
"88","599","4","81.0"
"88","80","3","813.04"
"88","1946","4","729.66"
"88","1633","4","790.1"
"88","1612","5","440.96"
"89","33","5","819.22"
"89","428","4","866.8"
"89","303","5","710.09"
"89","1146","1","275.23"
"89","1387","1","144.04"
"89","153","3","539.56"
"89","1310","1","631.51"
"89","242","1","810.82"
"89","1099","5","96.96"
"89","676","1","992.31"
"89","1368","3","564.25"
"89","1466","2","413.73"
"89","1663","2","308.35"
"89","1219","3","800.61"
"89","281","1","206.2"
"89","841","3","171.06"
"89","1273","3","98.82"
"89","38","2","256.64"
"89","1021","2","721.04"
"89","996","1","199.42"
"89","283","1","319.63"
"89","666","2","706.3"
"89","256","5","402.22"
"89","354","2","628.08"
"89","151","5","346.71"
"89","191","2","309.84"
"89","240","5","653.47"
"89","1555","3","823.39"
"89","1573","5","957.63"
"89","1851","2","77.37"
"89","1687","5","59.7"
"89","500","1","50.93"
"89","1747","1","447.1"
"89","617","4","219.52"
"89","553","4","719.37"
"89","629","1","641.05"
"89","599","1","451.4"
"89","49","2","829.97"
"89","1184","5","936.31"
"89","180","1","29.89"
"89","1781","4","369.88"
"89","1311","2","659.43"
"89","1534","5","73.02"
"89","103","5","194.38"
"89","1277","2","959.08"
"89","1363","5","599.01"
"90","430","5","45.54"
"90","1526","2","44.86"
"90","1271","3","185.44"
"90","1309","2","748.06"
"90","1484","2","159.65"
"90","1386","4","240.88"
"90","927","4","515.35"
"90","291","1","271.85"
"90","1208","1","823.74"
"90","188","4","728.9"
"90","170","1","63.71"
"90","647","1","411.58"
"90","1929","3","819.6"
"90","862","5","513.75"
"90","684","4","316.36"
"90","971","2","992.68"
"90","672","4","963.32"
"90","1605","3","426.03"
"90","1983","5","335.13"
"90","1728","5","636.26"
"90","508","1","978.96"
"90","577","2","375.98"
"90","1535","5","134.27"
"90","310","5","295.03"
"90","780","4","288.57"
"90","568","2","512.33"
"90","93","1","285.55"
"90","985","5","642.62"
"90","1912","2","494.98"
"90","1146","4","63.07"
"90","80","4","260.78"
"90","817","1","250.56"
"90","1851","4","415.53"
"90","1939","2","814.36"
"90","303","4","15.55"
"90","612","4","645.76"
"90","217","2","382.12"
"91","822","5","34.9"
"91","261","3","138.64"
"91","1036","4","295.37"
"91","811","3","66.0"
"91","15","3","65.27"
"91","1446","3","795.37"
"91","365","4","4.39"
"91","602","5","363.35"
"91","377","3","725.95"
"91","1337","1","949.45"
"91","1744","3","339.76"
"91","1122","5","226.5"
"91","652","2","217.33"
"91","439","5","631.18"
"91","635","1","612.84"
"91","1045","5","951.44"
"91","1622","1","163.62"
"91","1586","3","532.64"
"91","729","3","259.21"
"91","1678","5","94.03"
"91","241","5","952.13"
"91","1078","3","800.0"
"91","1477","1","316.51"
"91","413","5","754.43"
"91","1080","1","627.23"
"91","159","4","81.62"
"91","1821","4","230.36"
"91","66","1","560.18"
"91","880","5","798.6"
"91","1346","3","734.04"
"91","1812","3","212.21"
"91","1974","3","899.66"
"91","823","1","266.65"
"91","451","2","742.45"
"91","1195","1","652.84"
"91","1585","5","620.43"
"91","1963","1","375.63"
"91","644","2","239.78"
"91","191","2","3.05"
"91","341","4","652.87"
"92","1453","1","652.05"
"92","476","5","185.94"
"92","549","1","237.51"
"92","239","2","932.64"
"92","1965","4","57.0"
"92","514","4","569.83"
"92","533","1","945.7"
"92","406","2","831.51"
"92","938","3","173.22"
"92","116","2","871.89"
"92","1402","2","273.91"
"92","1781","1","812.35"
"92","891","5","715.79"
"92","1811","5","330.95"
"92","1934","2","965.51"
"92","772","1","614.99"
"92","1237","4","914.13"
"92","420","5","467.97"
"92","364","5","267.76"
"92","1717","4","385.62"
"92","1169","4","479.65"
"92","985","1","509.89"
"92","451","4","805.37"
"92","1999","1","691.78"
"92","490","5","266.7"
"92","884","3","7.09"
"92","233","2","149.9"
"92","1612","3","944.87"
"92","1232","1","49.38"
"92","45","3","588.42"
"92","1835","5","898.6"
"92","15","1","871.5"
"92","676","3","395.86"
"92","1728","5","609.64"
"92","327","4","853.62"
"92","384","1","64.54"
"92","217","1","760.57"
"92","602","1","650.0"
"92","693","3","228.24"
"92","322","4","347.46"
"92","1425","1","658.22"
"92","1021","1","670.85"
"92","1343","3","958.59"
"93","478","5","597.0"
"93","408","1","237.6"
"93","249","3","708.29"
"93","948","1","605.76"
"93","1021","1","991.33"
"93","909","3","145.87"
"93","927","3","856.64"
"93","1297","1","353.58"
"93","1791","1","485.52"
"93","34","2","237.33"
"93","1111","4","344.28"
"93","1633","1","522.43"
"93","1234","4","230.68"
"93","375","3","978.2"
"93","826","1","155.58"
"93","977","3","857.39"
"93","487","1","362.51"
"93","1497","2","714.52"
"93","1599","3","544.12"
"93","1959","4","57.8"
"93","509","4","69.14"
"93","979","5","203.78"
"93","1733","1","697.16"
"93","556","4","647.54"
"93","1192","4","871.48"
"93","674","3","652.54"
"93","1963","2","778.3"
"93","1876","3","685.99"
"93","33","4","592.98"
"93","1317","1","713.68"
"93","1373","1","512.51"
"93","1227","2","904.67"
"94","1393","2","740.8"
"94","1598","3","852.97"
"94","1845","3","828.26"
"94","1384","4","182.98"
"94","985","3","845.72"
"94","228","5","268.21"
"94","974","5","556.8"
"94","945","1","427.98"
"95","1177","5","975.89"
"95","867","4","975.73"
"95","774","3","968.36"
"95","636","4","738.02"
"95","239","1","685.81"
"95","1929","1","570.46"
"95","28","5","406.84"
"95","5","3","10.29"
"95","1117","3","767.19"
"95","1634","4","885.65"
"95","1377","5","727.85"
"95","996","5","732.67"
"95","1227","5","217.05"
"95","618","4","664.26"
"95","880","2","820.97"
"96","426","1","404.24"
"96","1183","3","551.93"
"96","1122","1","921.97"
"96","1650","3","469.76"
"96","476","2","361.74"
"96","5","3","823.57"
"96","365","3","432.26"
"96","1247","3","551.9"
"96","1418","5","455.43"
"96","1770","4","186.96"
"96","822","3","700.55"
"96","1467","2","737.05"
"96","1841","4","956.67"
"96","1311","2","834.18"
"96","1188","5","982.8"
"96","1344","3","388.19"
"96","969","2","627.92"
"96","482","4","118.27"
"96","810","4","501.65"
"96","385","4","160.87"
"96","1560","4","221.04"
"97","1650","5","47.59"
"97","1076","1","33.39"
"97","1205","4","688.06"
"97","1139","2","871.46"
"97","1078","4","300.12"
"97","645","5","280.8"
"97","1533","1","889.2"
"98","272","4","278.46"
"98","671","2","363.11"
"98","1408","4","498.44"
"98","341","4","264.93"
"98","607","2","647.42"
"98","1805","1","32.1"
"98","943","4","993.79"
"98","753","2","936.57"
"98","904","2","27.3"
"98","1100","2","336.82"
"98","1217","4","6.7"
"98","1571","3","312.57"
"98","1518","1","595.3"
"98","766","4","179.17"
"98","1024","5","41.99"
"98","1141","2","953.2"
"98","624","3","402.54"
"98","1311","4","723.07"
"98","72","5","89.39"
"98","365","3","211.86"
"98","882","1","733.56"
"98","1631","5","845.94"
"99","549","4","149.74"
"99","1959","2","584.65"
"99","1541","3","19.98"
"99","828","2","817.91"
"99","341","3","842.53"
"99","617","1","539.14"
"99","1218","5","663.03"
"99","987","1","18.29"
"99","674","5","962.53"
"99","1911","1","868.54"
"99","1906","2","7.0"
"99","1117","4","68.46"
"99","1876","1","136.37"
"99","705","5","6.9"
"99","434","2","537.53"
"99","240","4","878.78"
"99","1097","1","432.11"
"99","1368","2","962.71"
"99","1535","4","75.85"
"99","1139","1","261.88"
"99","1833","5","77.42"
"99","1073","1","111.95"
"99","989","2","716.54"
"99","555","2","586.46"
"99","1408","3","800.73"
"100","1933","3","626.7"
"100","1347","1","910.59"
"100","1833","5","433.22"
"100","1177","4","391.86"
"100","838","2","115.46"
"100","285","4","99.44"
"100","1944","4","862.41"
"100","303","2","61.86"
"100","899","3","632.35"
"100","1760","5","476.11"
"100","910","2","874.68"
"100","400","2","420.99"
